Datetime,Open,High,Low,Close,Volume,Dividends,Stock Splits
2025-01-22 09:15:00+05:30,2265.800048828125,2268.550048828125,2255.050048828125,2259.60009765625,42073,0.0,0.0
2025-01-22 09:30:00+05:30,2259.5,2262.14990234375,2245.10009765625,2257.39990234375,51549,0.0,0.0
2025-01-22 09:45:00+05:30,2257.0,2260.0,2246.39990234375,2258.050048828125,36007,0.0,0.0
2025-01-22 10:00:00+05:30,2257.699951171875,2258.25,2250.0,2250.0,12334,0.0,0.0
2025-01-22 10:15:00+05:30,2251.25,2257.0,2250.75,2256.5,25144,0.0,0.0
2025-01-22 10:30:00+05:30,2257.0,2261.449951171875,2251.0,2256.35009765625,16172,0.0,0.0
2025-01-22 10:45:00+05:30,2256.5,2259.35009765625,2252.75,2256.449951171875,10126,0.0,0.0
2025-01-22 11:00:00+05:30,2256.60009765625,2261.5,2255.050048828125,2259.449951171875,14515,0.0,0.0
2025-01-22 11:15:00+05:30,2259.449951171875,2260.0,2255.300048828125,2257.10009765625,10256,0.0,0.0
2025-01-22 11:30:00+05:30,2257.949951171875,2258.699951171875,2253.35009765625,2256.60009765625,11274,0.0,0.0
2025-01-22 11:45:00+05:30,2256.5,2264.85009765625,2253.699951171875,2254.800048828125,44031,0.0,0.0
2025-01-22 12:00:00+05:30,2254.050048828125,2258.60009765625,2250.0,2256.949951171875,35015,0.0,0.0
2025-01-22 12:15:00+05:30,2257.0,2257.949951171875,2248.75,2252.199951171875,20684,0.0,0.0
2025-01-22 12:30:00+05:30,2252.85009765625,2256.25,2250.800048828125,2252.449951171875,18705,0.0,0.0
2025-01-22 12:45:00+05:30,2252.14990234375,2253.89990234375,2249.0,2250.0,22271,0.0,0.0
2025-01-22 13:00:00+05:30,2250.199951171875,2254.89990234375,2250.0,2254.85009765625,13651,0.0,0.0
2025-01-22 13:15:00+05:30,2254.550048828125,2254.949951171875,2250.0,2252.14990234375,14993,0.0,0.0
2025-01-22 13:30:00+05:30,2252.300048828125,2255.64990234375,2247.64990234375,2248.699951171875,22003,0.0,0.0
2025-01-22 13:45:00+05:30,2248.39990234375,2254.699951171875,2248.25,2253.10009765625,18197,0.0,0.0
2025-01-22 14:00:00+05:30,2253.10009765625,2255.0,2247.64990234375,2250.64990234375,34371,0.0,0.0
2025-01-22 14:15:00+05:30,2251.199951171875,2261.699951171875,2250.75,2261.10009765625,44852,0.0,0.0
2025-01-22 14:30:00+05:30,2261.050048828125,2265.0,2258.10009765625,2261.699951171875,52349,0.0,0.0
2025-01-22 14:45:00+05:30,2262.0,2264.75,2260.0,2263.699951171875,27010,0.0,0.0
2025-01-22 15:00:00+05:30,2263.699951171875,2265.449951171875,2260.0,2262.35009765625,116565,0.0,0.0
2025-01-22 15:15:00+05:30,2262.0,2263.60009765625,2260.0,2260.050048828125,93382,0.0,0.0
2025-01-23 09:15:00+05:30,2268.75,2268.75,2247.949951171875,2251.60009765625,30402,0.0,0.0
2025-01-23 09:30:00+05:30,2251.60009765625,2273.0,2246.25,2267.300048828125,52298,0.0,0.0
2025-01-23 09:45:00+05:30,2267.60009765625,2277.89990234375,2265.0,2276.60009765625,40116,0.0,0.0
2025-01-23 10:00:00+05:30,2276.39990234375,2290.0,2275.0,2288.550048828125,43866,0.0,0.0
2025-01-23 10:15:00+05:30,2287.050048828125,2292.89990234375,2286.60009765625,2292.0,41377,0.0,0.0
2025-01-23 10:30:00+05:30,2291.5,2301.39990234375,2288.300048828125,2300.0,40897,0.0,0.0
2025-01-23 10:45:00+05:30,2300.0,2300.199951171875,2293.949951171875,2294.35009765625,25560,0.0,0.0
2025-01-23 11:00:00+05:30,2294.0,2295.5,2284.050048828125,2285.699951171875,25687,0.0,0.0
2025-01-23 11:15:00+05:30,2285.0,2289.60009765625,2284.550048828125,2287.60009765625,14351,0.0,0.0
2025-01-23 11:30:00+05:30,2287.60009765625,2295.449951171875,2287.10009765625,2292.300048828125,22984,0.0,0.0
2025-01-23 11:45:00+05:30,2293.0,2298.5,2288.60009765625,2297.550048828125,30118,0.0,0.0
2025-01-23 12:00:00+05:30,2298.0,2299.949951171875,2287.39990234375,2288.050048828125,20287,0.0,0.0
2025-01-23 12:15:00+05:30,2288.199951171875,2293.39990234375,2287.14990234375,2293.0,19234,0.0,0.0
2025-01-23 12:30:00+05:30,2292.85009765625,2293.60009765625,2287.199951171875,2289.60009765625,20912,0.0,0.0
2025-01-23 12:45:00+05:30,2289.550048828125,2289.89990234375,2285.14990234375,2287.0,30479,0.0,0.0
2025-01-23 13:00:00+05:30,2286.64990234375,2288.949951171875,2284.39990234375,2286.699951171875,30707,0.0,0.0
2025-01-23 13:15:00+05:30,2286.39990234375,2288.300048828125,2284.64990234375,2287.949951171875,24718,0.0,0.0
2025-01-23 13:30:00+05:30,2287.699951171875,2294.699951171875,2286.5,2293.89990234375,34001,0.0,0.0
2025-01-23 13:45:00+05:30,2293.550048828125,2293.550048828125,2288.0,2288.14990234375,45185,0.0,0.0
2025-01-23 14:00:00+05:30,2289.050048828125,2289.14990234375,2285.0,2286.199951171875,34783,0.0,0.0
2025-01-23 14:15:00+05:30,2286.89990234375,2287.35009765625,2277.5,2279.60009765625,46019,0.0,0.0
2025-01-23 14:30:00+05:30,2279.60009765625,2282.89990234375,2278.050048828125,2281.5,41146,0.0,0.0
2025-01-23 14:45:00+05:30,2281.300048828125,2283.75,2275.60009765625,2275.60009765625,63686,0.0,0.0
2025-01-23 15:00:00+05:30,2276.35009765625,2280.0,2272.75,2274.449951171875,239181,0.0,0.0
2025-01-23 15:15:00+05:30,2274.300048828125,2278.85009765625,2273.0,2277.25,95738,0.0,0.0
2025-01-24 09:15:00+05:30,2284.550048828125,2296.5,2273.800048828125,2290.10009765625,23015,0.0,0.0
2025-01-24 09:30:00+05:30,2290.85009765625,2291.35009765625,2272.64990234375,2278.10009765625,38971,0.0,0.0
2025-01-24 09:45:00+05:30,2277.64990234375,2279.949951171875,2267.10009765625,2267.10009765625,30807,0.0,0.0
2025-01-24 10:00:00+05:30,2268.199951171875,2271.449951171875,2266.0,2270.0,23891,0.0,0.0
2025-01-24 10:15:00+05:30,2269.949951171875,2273.199951171875,2262.5,2270.0,18994,0.0,0.0
2025-01-24 10:30:00+05:30,2270.10009765625,2278.5,2268.050048828125,2276.10009765625,15840,0.0,0.0
2025-01-24 10:45:00+05:30,2276.10009765625,2277.0,2271.199951171875,2275.050048828125,10723,0.0,0.0
2025-01-24 11:00:00+05:30,2276.0,2280.0,2273.39990234375,2279.0,18591,0.0,0.0
2025-01-24 11:15:00+05:30,2279.0,2283.550048828125,2279.0,2281.199951171875,17444,0.0,0.0
2025-01-24 11:30:00+05:30,2281.5,2286.800048828125,2279.550048828125,2286.0,16177,0.0,0.0
2025-01-24 11:45:00+05:30,2286.0,2290.89990234375,2285.0,2285.699951171875,19897,0.0,0.0
2025-01-24 12:00:00+05:30,2285.699951171875,2286.0,2279.050048828125,2279.10009765625,17114,0.0,0.0
2025-01-24 12:15:00+05:30,2279.60009765625,2282.800048828125,2276.64990234375,2281.25,22319,0.0,0.0
2025-01-24 12:30:00+05:30,2282.0,2282.699951171875,2275.300048828125,2276.0,13393,0.0,0.0
2025-01-24 12:45:00+05:30,2274.35009765625,2280.0,2273.89990234375,2278.449951171875,18062,0.0,0.0
2025-01-24 13:00:00+05:30,2277.699951171875,2280.0,2271.35009765625,2278.699951171875,18101,0.0,0.0
2025-01-24 13:15:00+05:30,2278.699951171875,2279.050048828125,2273.35009765625,2275.75,12590,0.0,0.0
2025-01-24 13:30:00+05:30,2275.75,2276.699951171875,2266.699951171875,2268.10009765625,19390,0.0,0.0
2025-01-24 13:45:00+05:30,2268.449951171875,2273.35009765625,2266.60009765625,2270.449951171875,12400,0.0,0.0
2025-01-24 14:00:00+05:30,2271.64990234375,2277.550048828125,2268.0,2268.800048828125,18586,0.0,0.0
2025-01-24 14:15:00+05:30,2268.0,2270.0,2264.5,2267.949951171875,20537,0.0,0.0
2025-01-24 14:30:00+05:30,2269.10009765625,2270.35009765625,2256.64990234375,2259.0,26306,0.0,0.0
2025-01-24 14:45:00+05:30,2259.300048828125,2261.89990234375,2255.14990234375,2261.699951171875,25521,0.0,0.0
2025-01-24 15:00:00+05:30,2260.699951171875,2264.949951171875,2259.199951171875,2260.0,22777,0.0,0.0
2025-01-24 15:15:00+05:30,2260.10009765625,2264.39990234375,2260.10009765625,2262.39990234375,35071,0.0,0.0
2025-01-27 09:15:00+05:30,2254.050048828125,2271.449951171875,2250.800048828125,2257.89990234375,48868,0.0,0.0
2025-01-27 09:30:00+05:30,2257.89990234375,2268.699951171875,2253.64990234375,2265.10009765625,73421,0.0,0.0
2025-01-27 09:45:00+05:30,2265.800048828125,2275.0,2263.5,2265.64990234375,69060,0.0,0.0
2025-01-27 10:00:00+05:30,2265.35009765625,2275.10009765625,2263.550048828125,2264.800048828125,62306,0.0,0.0
2025-01-27 10:15:00+05:30,2264.550048828125,2265.199951171875,2257.35009765625,2258.0,58935,0.0,0.0
2025-01-27 10:30:00+05:30,2258.0,2262.10009765625,2252.35009765625,2262.0,47789,0.0,0.0
2025-01-27 10:45:00+05:30,2261.60009765625,2272.0,2261.60009765625,2269.89990234375,108799,0.0,0.0
2025-01-27 11:00:00+05:30,2270.0,2275.5,2269.949951171875,2271.449951171875,41416,0.0,0.0
2025-01-27 11:15:00+05:30,2271.300048828125,2276.85009765625,2271.300048828125,2274.800048828125,37969,0.0,0.0
2025-01-27 11:30:00+05:30,2274.39990234375,2276.300048828125,2271.5,2273.25,28664,0.0,0.0
2025-01-27 11:45:00+05:30,2274.0,2276.0,2271.699951171875,2276.0,23500,0.0,0.0
2025-01-27 12:00:00+05:30,2276.0,2277.75,2268.39990234375,2269.10009765625,40451,0.0,0.0
2025-01-27 12:15:00+05:30,2269.0,2274.35009765625,2263.699951171875,2266.949951171875,67553,0.0,0.0
2025-01-27 12:30:00+05:30,2266.550048828125,2270.0,2263.050048828125,2263.050048828125,29508,0.0,0.0
2025-01-27 12:45:00+05:30,2262.10009765625,2265.25,2258.699951171875,2260.0,27653,0.0,0.0
2025-01-27 13:00:00+05:30,2259.14990234375,2262.199951171875,2257.39990234375,2262.199951171875,18803,0.0,0.0
2025-01-27 13:15:00+05:30,2262.199951171875,2263.050048828125,2253.85009765625,2254.699951171875,24681,0.0,0.0
2025-01-27 13:30:00+05:30,2254.449951171875,2255.89990234375,2251.0,2254.25,19758,0.0,0.0
2025-01-27 13:45:00+05:30,2253.39990234375,2255.0,2250.35009765625,2252.300048828125,21003,0.0,0.0
2025-01-27 14:00:00+05:30,2252.89990234375,2253.14990234375,2249.050048828125,2251.14990234375,24395,0.0,0.0
2025-01-27 14:15:00+05:30,2251.800048828125,2257.0,2251.0,2253.75,15877,0.0,0.0
2025-01-27 14:30:00+05:30,2252.800048828125,2252.85009765625,2246.35009765625,2249.35009765625,29528,0.0,0.0
2025-01-27 14:45:00+05:30,2248.050048828125,2254.85009765625,2247.89990234375,2252.050048828125,34685,0.0,0.0
2025-01-27 15:00:00+05:30,2253.0,2254.75,2249.39990234375,2253.35009765625,56018,0.0,0.0
2025-01-27 15:15:00+05:30,2253.35009765625,2254.25,2248.0,2249.5,62129,0.0,0.0
2025-01-28 09:15:00+05:30,2258.25,2258.39990234375,2250.0,2258.0,16845,0.0,0.0
2025-01-28 09:30:00+05:30,2259.199951171875,2261.5,2250.0,2250.0,34002,0.0,0.0
2025-01-28 09:45:00+05:30,2249.550048828125,2256.64990234375,2247.60009765625,2254.85009765625,33036,0.0,0.0
2025-01-28 10:00:00+05:30,2254.699951171875,2258.199951171875,2245.449951171875,2246.75,34388,0.0,0.0
2025-01-28 10:15:00+05:30,2246.85009765625,2246.85009765625,2238.25,2243.699951171875,42042,0.0,0.0
2025-01-28 10:30:00+05:30,2243.64990234375,2243.64990234375,2236.85009765625,2236.85009765625,32269,0.0,0.0
2025-01-28 10:45:00+05:30,2236.85009765625,2247.85009765625,2234.85009765625,2247.14990234375,85101,0.0,0.0
2025-01-28 11:00:00+05:30,2246.75,2261.0,2246.75,2257.89990234375,51805,0.0,0.0
2025-01-28 11:15:00+05:30,2258.050048828125,2259.89990234375,2257.0,2257.949951171875,28217,0.0,0.0
2025-01-28 11:30:00+05:30,2258.0,2267.0,2256.199951171875,2263.5,31948,0.0,0.0
2025-01-28 11:45:00+05:30,2263.14990234375,2263.89990234375,2260.0,2260.0,18515,0.0,0.0
2025-01-28 12:00:00+05:30,2260.300048828125,2263.0,2257.550048828125,2257.60009765625,23724,0.0,0.0
2025-01-28 12:15:00+05:30,2258.35009765625,2259.14990234375,2255.449951171875,2255.449951171875,34701,0.0,0.0
2025-01-28 12:30:00+05:30,2255.75,2263.050048828125,2252.449951171875,2262.85009765625,67138,0.0,0.0
2025-01-28 12:45:00+05:30,2262.800048828125,2264.35009765625,2258.0,2260.60009765625,41176,0.0,0.0
2025-01-28 13:00:00+05:30,2261.85009765625,2262.60009765625,2259.35009765625,2260.449951171875,18688,0.0,0.0
2025-01-28 13:15:00+05:30,2260.39990234375,2261.60009765625,2250.75,2250.75,26646,0.0,0.0
2025-01-28 13:30:00+05:30,2250.85009765625,2254.300048828125,2250.199951171875,2252.10009765625,18682,0.0,0.0
2025-01-28 13:45:00+05:30,2252.14990234375,2254.60009765625,2250.300048828125,2252.60009765625,18623,0.0,0.0
2025-01-28 14:00:00+05:30,2253.5,2257.800048828125,2252.60009765625,2252.89990234375,17164,0.0,0.0
2025-01-28 14:15:00+05:30,2253.050048828125,2259.60009765625,2251.75,2257.64990234375,23440,0.0,0.0
2025-01-28 14:30:00+05:30,2257.85009765625,2258.89990234375,2251.5,2253.35009765625,19883,0.0,0.0
2025-01-28 14:45:00+05:30,2253.39990234375,2253.89990234375,2237.25,2241.89990234375,67171,0.0,0.0
2025-01-28 15:00:00+05:30,2241.800048828125,2244.10009765625,2238.949951171875,2243.14990234375,47480,0.0,0.0
2025-01-28 15:15:00+05:30,2242.85009765625,2244.89990234375,2239.0,2241.800048828125,47906,0.0,0.0
2025-01-29 09:15:00+05:30,2245.800048828125,2245.800048828125,2226.5,2226.5,30772,0.0,0.0
2025-01-29 09:30:00+05:30,2227.35009765625,2237.85009765625,2226.10009765625,2236.0,35233,0.0,0.0
2025-01-29 09:45:00+05:30,2236.64990234375,2237.0,2231.0,2233.85009765625,26719,0.0,0.0
2025-01-29 10:00:00+05:30,2234.14990234375,2238.0,2232.300048828125,2235.14990234375,27514,0.0,0.0
2025-01-29 10:15:00+05:30,2235.14990234375,2238.0,2230.14990234375,2238.0,27444,0.0,0.0
2025-01-29 10:30:00+05:30,2239.39990234375,2239.89990234375,2232.60009765625,2232.75,19531,0.0,0.0
2025-01-29 10:45:00+05:30,2232.75,2236.300048828125,2232.10009765625,2236.300048828125,17018,0.0,0.0
2025-01-29 11:00:00+05:30,2234.800048828125,2235.5,2228.0,2233.85009765625,165002,0.0,0.0
2025-01-29 11:15:00+05:30,2233.85009765625,2236.0,2222.85009765625,2230.800048828125,47725,0.0,0.0
2025-01-29 11:30:00+05:30,2230.75,2234.0,2227.35009765625,2227.949951171875,17813,0.0,0.0
2025-01-29 11:45:00+05:30,2227.949951171875,2231.550048828125,2225.85009765625,2225.85009765625,17043,0.0,0.0
2025-01-29 12:00:00+05:30,2226.0,2227.85009765625,2224.949951171875,2225.199951171875,30291,0.0,0.0
2025-01-29 12:15:00+05:30,2225.199951171875,2231.39990234375,2225.0,2227.699951171875,38237,0.0,0.0
2025-01-29 12:30:00+05:30,2227.5,2230.0,2224.800048828125,2225.64990234375,43617,0.0,0.0
2025-01-29 12:45:00+05:30,2225.10009765625,2228.25,2224.0,2224.85009765625,27135,0.0,0.0
2025-01-29 13:00:00+05:30,2224.85009765625,2224.85009765625,2217.300048828125,2217.85009765625,60287,0.0,0.0
2025-01-29 13:15:00+05:30,2217.800048828125,2221.5,2216.199951171875,2220.550048828125,44734,0.0,0.0
2025-01-29 13:30:00+05:30,2221.35009765625,2221.35009765625,2215.0,2216.199951171875,42228,0.0,0.0
2025-01-29 13:45:00+05:30,2216.300048828125,2219.10009765625,2215.0,2216.800048828125,22951,0.0,0.0
2025-01-29 14:00:00+05:30,2216.699951171875,2218.89990234375,2215.5,2218.300048828125,28020,0.0,0.0
2025-01-29 14:15:00+05:30,2218.60009765625,2218.60009765625,2212.5,2215.0,48437,0.0,0.0
2025-01-29 14:30:00+05:30,2215.0,2215.85009765625,2213.10009765625,2215.5,41394,0.0,0.0
2025-01-29 14:45:00+05:30,2215.5,2217.0,2213.699951171875,2216.10009765625,49491,0.0,0.0
2025-01-29 15:00:00+05:30,2216.300048828125,2224.300048828125,2215.300048828125,2222.5,101719,0.0,0.0
2025-01-29 15:15:00+05:30,2222.300048828125,2225.0,2220.64990234375,2223.0,250734,0.0,0.0
2025-01-30 09:15:00+05:30,2223.64990234375,2230.949951171875,2215.449951171875,2219.35009765625,36842,0.0,0.0
2025-01-30 09:30:00+05:30,2219.050048828125,2226.75,2218.199951171875,2225.60009765625,40017,0.0,0.0
2025-01-30 09:45:00+05:30,2224.89990234375,2227.449951171875,2223.10009765625,2225.199951171875,29548,0.0,0.0
2025-01-30 10:00:00+05:30,2225.300048828125,2242.300048828125,2224.800048828125,2239.949951171875,69069,0.0,0.0
2025-01-30 10:15:00+05:30,2240.39990234375,2241.60009765625,2235.550048828125,2237.0,22783,0.0,0.0
2025-01-30 10:30:00+05:30,2237.0,2243.10009765625,2236.050048828125,2241.300048828125,29152,0.0,0.0
2025-01-30 10:45:00+05:30,2241.949951171875,2245.0,2236.800048828125,2236.800048828125,25172,0.0,0.0
2025-01-30 11:00:00+05:30,2238.14990234375,2244.0,2236.14990234375,2243.35009765625,30485,0.0,0.0
2025-01-30 11:15:00+05:30,2243.25,2245.14990234375,2240.0,2243.300048828125,27173,0.0,0.0
2025-01-30 11:30:00+05:30,2243.25,2244.699951171875,2240.5,2244.699951171875,18513,0.0,0.0
2025-01-30 11:45:00+05:30,2243.949951171875,2252.949951171875,2242.75,2251.25,52033,0.0,0.0
2025-01-30 12:00:00+05:30,2251.5,2257.10009765625,2251.25,2251.800048828125,49399,0.0,0.0
2025-01-30 12:15:00+05:30,2251.64990234375,2254.800048828125,2249.0,2253.699951171875,38107,0.0,0.0
2025-01-30 12:30:00+05:30,2253.699951171875,2258.800048828125,2253.14990234375,2258.550048828125,38136,0.0,0.0
2025-01-30 12:45:00+05:30,2258.199951171875,2258.199951171875,2253.10009765625,2253.949951171875,25159,0.0,0.0
2025-01-30 13:00:00+05:30,2254.14990234375,2254.14990234375,2249.5,2251.39990234375,39275,0.0,0.0
2025-01-30 13:15:00+05:30,2251.89990234375,2254.35009765625,2246.949951171875,2249.050048828125,34689,0.0,0.0
2025-01-30 13:30:00+05:30,2248.89990234375,2251.699951171875,2246.39990234375,2249.35009765625,22358,0.0,0.0
2025-01-30 13:45:00+05:30,2249.35009765625,2250.0,2242.25,2243.64990234375,29044,0.0,0.0
2025-01-30 14:00:00+05:30,2244.5,2246.39990234375,2241.0,2241.449951171875,30857,0.0,0.0
2025-01-30 14:15:00+05:30,2241.449951171875,2244.5,2238.0,2239.199951171875,34312,0.0,0.0
2025-01-30 14:30:00+05:30,2239.25,2242.75,2236.64990234375,2242.75,43661,0.0,0.0
2025-01-30 14:45:00+05:30,2242.64990234375,2245.949951171875,2240.199951171875,2245.949951171875,63280,0.0,0.0
2025-01-30 15:00:00+05:30,2246.25,2252.699951171875,2242.35009765625,2251.550048828125,156554,0.0,0.0
2025-01-30 15:15:00+05:30,2251.0,2256.0,2249.89990234375,2253.39990234375,130706,0.0,0.0
2025-01-31 09:15:00+05:30,2255.89990234375,2264.60009765625,2243.60009765625,2247.39990234375,27068,0.0,0.0
2025-01-31 09:30:00+05:30,2247.85009765625,2253.199951171875,2246.550048828125,2253.10009765625,31235,0.0,0.0
2025-01-31 09:45:00+05:30,2253.699951171875,2254.85009765625,2244.800048828125,2254.10009765625,34254,0.0,0.0
2025-01-31 10:00:00+05:30,2254.10009765625,2256.699951171875,2235.10009765625,2236.75,40802,0.0,0.0
2025-01-31 10:15:00+05:30,2236.199951171875,2246.0,2236.199951171875,2245.699951171875,29027,0.0,0.0
2025-01-31 10:30:00+05:30,2245.85009765625,2252.0,2245.10009765625,2250.89990234375,28347,0.0,0.0
2025-01-31 10:45:00+05:30,2250.85009765625,2261.300048828125,2250.800048828125,2260.14990234375,35568,0.0,0.0
2025-01-31 11:00:00+05:30,2260.39990234375,2266.75,2258.449951171875,2261.35009765625,46625,0.0,0.0
2025-01-31 11:15:00+05:30,2261.35009765625,2266.89990234375,2260.14990234375,2263.25,34965,0.0,0.0
2025-01-31 11:30:00+05:30,2263.300048828125,2270.199951171875,2262.35009765625,2268.39990234375,35131,0.0,0.0
2025-01-31 11:45:00+05:30,2268.25,2274.64990234375,2265.89990234375,2274.64990234375,57770,0.0,0.0
2025-01-31 12:00:00+05:30,2274.89990234375,2283.0,2272.35009765625,2280.25,57989,0.0,0.0
2025-01-31 12:15:00+05:30,2280.449951171875,2282.800048828125,2275.25,2281.25,49397,0.0,0.0
2025-01-31 12:30:00+05:30,2281.60009765625,2286.550048828125,2281.0,2286.25,38497,0.0,0.0
2025-01-31 12:45:00+05:30,2286.199951171875,2289.39990234375,2284.75,2289.39990234375,39448,0.0,0.0
2025-01-31 13:00:00+05:30,2289.550048828125,2293.0,2286.14990234375,2291.800048828125,45941,0.0,0.0
2025-01-31 13:15:00+05:30,2291.60009765625,2298.449951171875,2291.10009765625,2293.75,40464,0.0,0.0
2025-01-31 13:30:00+05:30,2293.75,2297.5,2289.0,2291.050048828125,44883,0.0,0.0
2025-01-31 13:45:00+05:30,2291.050048828125,2296.449951171875,2287.050048828125,2290.39990234375,58580,0.0,0.0
2025-01-31 14:00:00+05:30,2290.39990234375,2291.5,2284.39990234375,2287.0,44224,0.0,0.0
2025-01-31 14:15:00+05:30,2286.5,2287.89990234375,2279.0,2283.75,47920,0.0,0.0
2025-01-31 14:30:00+05:30,2282.64990234375,2292.0,2280.75,2291.25,41092,0.0,0.0
2025-01-31 14:45:00+05:30,2291.199951171875,2302.550048828125,2290.10009765625,2302.050048828125,113401,0.0,0.0
2025-01-31 15:00:00+05:30,2302.050048828125,2302.75,2299.5,2301.199951171875,113656,0.0,0.0
2025-01-31 15:15:00+05:30,2300.85009765625,2305.0,2300.0,2304.0,135251,0.0,0.0
2025-02-03 09:15:00+05:30,2349.449951171875,2362.949951171875,2327.0,2361.949951171875,59525,0.0,0.0
2025-02-03 09:30:00+05:30,2361.949951171875,2364.449951171875,2327.25,2329.050048828125,81518,0.0,0.0
2025-02-03 09:45:00+05:30,2328.0,2332.449951171875,2325.050048828125,2327.14990234375,25247,0.0,0.0
2025-02-03 10:00:00+05:30,2327.5,2337.0,2321.800048828125,2332.0,33015,0.0,0.0
2025-02-03 10:15:00+05:30,2331.800048828125,2331.800048828125,2315.449951171875,2321.64990234375,30775,0.0,0.0
2025-02-03 10:30:00+05:30,2321.300048828125,2330.0,2320.10009765625,2329.050048828125,30280,0.0,0.0
2025-02-03 10:45:00+05:30,2329.050048828125,2338.5,2324.800048828125,2337.0,28545,0.0,0.0
2025-02-03 11:00:00+05:30,2337.25,2337.85009765625,2326.5,2326.5,29517,0.0,0.0
2025-02-03 11:15:00+05:30,2327.050048828125,2329.550048828125,2318.5,2329.14990234375,34720,0.0,0.0
2025-02-03 11:30:00+05:30,2329.699951171875,2330.0,2326.550048828125,2326.550048828125,14460,0.0,0.0
2025-02-03 11:45:00+05:30,2327.0,2331.14990234375,2310.699951171875,2314.550048828125,72357,0.0,0.0
2025-02-03 12:00:00+05:30,2314.300048828125,2315.0,2301.10009765625,2302.199951171875,37341,0.0,0.0
2025-02-03 12:15:00+05:30,2302.050048828125,2303.39990234375,2291.14990234375,2292.75,30947,0.0,0.0
2025-02-03 12:30:00+05:30,2292.699951171875,2293.35009765625,2287.550048828125,2290.449951171875,32999,0.0,0.0
2025-02-03 12:45:00+05:30,2291.199951171875,2292.39990234375,2287.449951171875,2287.449951171875,23620,0.0,0.0
2025-02-03 13:00:00+05:30,2287.699951171875,2298.0,2283.300048828125,2295.050048828125,47717,0.0,0.0
2025-02-03 13:15:00+05:30,2295.64990234375,2296.0,2288.050048828125,2289.10009765625,33692,0.0,0.0
2025-02-03 13:30:00+05:30,2289.10009765625,2290.10009765625,2285.0,2287.699951171875,28033,0.0,0.0
2025-02-03 13:45:00+05:30,2287.14990234375,2289.550048828125,2280.0,2280.5,37075,0.0,0.0
2025-02-03 14:00:00+05:30,2280.449951171875,2284.800048828125,2278.050048828125,2283.699951171875,34893,0.0,0.0
2025-02-03 14:15:00+05:30,2283.85009765625,2284.60009765625,2278.25,2281.550048828125,27861,0.0,0.0
2025-02-03 14:30:00+05:30,2281.14990234375,2286.300048828125,2278.39990234375,2284.75,34203,0.0,0.0
2025-02-03 14:45:00+05:30,2284.800048828125,2289.60009765625,2282.35009765625,2288.800048828125,36136,0.0,0.0
2025-02-03 15:00:00+05:30,2288.699951171875,2298.10009765625,2287.25,2294.60009765625,81182,0.0,0.0
2025-02-03 15:15:00+05:30,2295.449951171875,2295.949951171875,2289.75,2292.25,82454,0.0,0.0
2025-02-04 09:15:00+05:30,2304.64990234375,2304.64990234375,2264.300048828125,2273.800048828125,84293,0.0,0.0
2025-02-04 09:30:00+05:30,2273.800048828125,2283.0,2268.199951171875,2276.60009765625,90630,0.0,0.0
2025-02-04 09:45:00+05:30,2276.60009765625,2282.85009765625,2272.10009765625,2279.699951171875,46644,0.0,0.0
2025-02-04 10:00:00+05:30,2279.699951171875,2281.0,2273.300048828125,2274.199951171875,34029,0.0,0.0
2025-02-04 10:15:00+05:30,2274.199951171875,2287.25,2273.449951171875,2285.89990234375,42543,0.0,0.0
2025-02-04 10:30:00+05:30,2285.10009765625,2300.25,2280.39990234375,2297.5,108879,0.0,0.0
2025-02-04 10:45:00+05:30,2297.699951171875,2301.85009765625,2285.0,2297.39990234375,66423,0.0,0.0
2025-02-04 11:00:00+05:30,2297.800048828125,2298.89990234375,2288.800048828125,2293.39990234375,38330,0.0,0.0
2025-02-04 11:15:00+05:30,2293.0,2301.64990234375,2292.550048828125,2293.699951171875,56068,0.0,0.0
2025-02-04 11:30:00+05:30,2294.75,2302.0,2294.75,2300.14990234375,37074,0.0,0.0
2025-02-04 11:45:00+05:30,2300.199951171875,2309.699951171875,2296.0,2300.0,58566,0.0,0.0
2025-02-04 12:00:00+05:30,2300.300048828125,2300.550048828125,2294.0,2297.300048828125,34895,0.0,0.0
2025-02-04 12:15:00+05:30,2297.35009765625,2384.14990234375,2292.949951171875,2324.39990234375,616327,0.0,0.0
2025-02-04 12:30:00+05:30,2324.199951171875,2336.75,2320.0,2328.64990234375,130734,0.0,0.0
2025-02-04 12:45:00+05:30,2327.89990234375,2339.0,2323.300048828125,2336.949951171875,143429,0.0,0.0
2025-02-04 13:00:00+05:30,2335.60009765625,2336.050048828125,2321.550048828125,2333.0,69933,0.0,0.0
2025-02-04 13:15:00+05:30,2333.0,2333.199951171875,2320.10009765625,2331.050048828125,61646,0.0,0.0
2025-02-04 13:30:00+05:30,2330.5,2342.800048828125,2330.0,2339.449951171875,98368,0.0,0.0
2025-02-04 13:45:00+05:30,2339.0,2339.89990234375,2327.0,2328.699951171875,49792,0.0,0.0
2025-02-04 14:00:00+05:30,2328.5,2417.10009765625,2326.199951171875,2395.699951171875,1300917,0.0,0.0
2025-02-04 14:15:00+05:30,2396.0,2397.949951171875,2325.75,2345.75,797657,0.0,0.0
2025-02-04 14:30:00+05:30,2346.050048828125,2357.89990234375,2338.949951171875,2355.60009765625,273465,0.0,0.0
2025-02-04 14:45:00+05:30,2355.85009765625,2364.64990234375,2342.14990234375,2356.60009765625,434933,0.0,0.0
2025-02-04 15:00:00+05:30,2357.0,2365.10009765625,2348.89990234375,2357.5,374830,0.0,0.0
2025-02-04 15:15:00+05:30,2357.5,2358.0,2345.10009765625,2354.35009765625,169841,0.0,0.0
2025-02-05 09:15:00+05:30,2264.64990234375,2264.64990234375,2239.300048828125,2252.5,797330,0.0,0.0
2025-02-05 09:30:00+05:30,2252.35009765625,2254.0,2245.0,2251.89990234375,309759,0.0,0.0
2025-02-05 09:45:00+05:30,2251.89990234375,2259.449951171875,2250.5,2257.949951171875,143184,0.0,0.0
2025-02-05 10:00:00+05:30,2256.85009765625,2262.949951171875,2255.0,2262.64990234375,157571,0.0,0.0
2025-02-05 10:15:00+05:30,2262.449951171875,2269.0,2260.0,2268.550048828125,153537,0.0,0.0
2025-02-05 10:30:00+05:30,2268.550048828125,2271.75,2261.699951171875,2262.5,108263,0.0,0.0
2025-02-05 10:45:00+05:30,2263.0,2270.0,2262.300048828125,2266.75,63000,0.0,0.0
2025-02-05 11:00:00+05:30,2266.800048828125,2268.89990234375,2265.0,2267.39990234375,67860,0.0,0.0
2025-02-05 11:15:00+05:30,2267.0,2271.550048828125,2265.0,2271.550048828125,63325,0.0,0.0
2025-02-05 11:30:00+05:30,2271.0,2272.0,2265.0,2266.0,65201,0.0,0.0
2025-02-05 11:45:00+05:30,2266.0,2269.949951171875,2266.0,2268.300048828125,39489,0.0,0.0
2025-02-05 12:00:00+05:30,2268.25,2277.949951171875,2268.0,2275.10009765625,113552,0.0,0.0
2025-02-05 12:15:00+05:30,2276.050048828125,2295.5,2275.949951171875,2281.39990234375,261494,0.0,0.0
2025-02-05 12:30:00+05:30,2281.550048828125,2288.0,2281.300048828125,2284.89990234375,63184,0.0,0.0
2025-02-05 12:45:00+05:30,2284.89990234375,2284.89990234375,2277.949951171875,2279.699951171875,69802,0.0,0.0
2025-02-05 13:00:00+05:30,2279.550048828125,2286.64990234375,2273.0,2285.39990234375,92318,0.0,0.0
2025-02-05 13:15:00+05:30,2285.10009765625,2291.300048828125,2285.050048828125,2290.199951171875,79915,0.0,0.0
2025-02-05 13:30:00+05:30,2290.25,2290.25,2286.550048828125,2286.550048828125,42341,0.0,0.0
2025-02-05 13:45:00+05:30,2286.550048828125,2293.39990234375,2286.0,2291.199951171875,44749,0.0,0.0
2025-02-05 14:00:00+05:30,2291.89990234375,2292.300048828125,2286.949951171875,2287.10009765625,73309,0.0,0.0
2025-02-05 14:15:00+05:30,2287.199951171875,2288.449951171875,2282.14990234375,2284.300048828125,49144,0.0,0.0
2025-02-05 14:30:00+05:30,2285.199951171875,2288.35009765625,2282.5,2282.60009765625,47058,0.0,0.0
2025-02-05 14:45:00+05:30,2283.0,2285.10009765625,2275.25,2278.449951171875,96381,0.0,0.0
2025-02-05 15:00:00+05:30,2277.949951171875,2279.85009765625,2272.0,2273.0,205368,0.0,0.0
2025-02-05 15:15:00+05:30,2273.5,2278.39990234375,2272.800048828125,2274.199951171875,266994,0.0,0.0
2025-02-06 09:15:00+05:30,2290.0,2294.0,2280.300048828125,2283.85009765625,137804,0.0,0.0
2025-02-06 09:30:00+05:30,2283.39990234375,2288.64990234375,2280.0,2284.0,67133,0.0,0.0
2025-02-06 09:45:00+05:30,2285.0,2286.75,2280.0,2281.39990234375,37081,0.0,0.0
2025-02-06 10:00:00+05:30,2281.39990234375,2281.800048828125,2276.0,2277.800048828125,32290,0.0,0.0
2025-02-06 10:15:00+05:30,2277.800048828125,2281.5,2276.35009765625,2278.199951171875,19258,0.0,0.0
2025-02-06 10:30:00+05:30,2277.949951171875,2298.75,2277.10009765625,2292.449951171875,101557,0.0,0.0
2025-02-06 10:45:00+05:30,2292.25,2295.60009765625,2288.14990234375,2290.949951171875,44177,0.0,0.0
2025-02-06 11:00:00+05:30,2290.800048828125,2292.0,2280.10009765625,2283.0,38252,0.0,0.0
2025-02-06 11:15:00+05:30,2282.0,2284.800048828125,2280.85009765625,2283.35009765625,24064,0.0,0.0
2025-02-06 11:30:00+05:30,2283.949951171875,2284.949951171875,2280.14990234375,2281.35009765625,12586,0.0,0.0
2025-02-06 11:45:00+05:30,2281.5,2282.75,2276.64990234375,2277.0,20318,0.0,0.0
2025-02-06 12:00:00+05:30,2277.0,2277.0,2273.5,2274.699951171875,24287,0.0,0.0
2025-02-06 12:15:00+05:30,2273.300048828125,2275.85009765625,2267.14990234375,2267.14990234375,36765,0.0,0.0
2025-02-06 12:30:00+05:30,2267.89990234375,2274.39990234375,2263.699951171875,2274.39990234375,61442,0.0,0.0
2025-02-06 12:45:00+05:30,2273.75,2277.64990234375,2273.300048828125,2275.550048828125,29057,0.0,0.0
2025-02-06 13:00:00+05:30,2275.89990234375,2276.75,2269.300048828125,2273.89990234375,39185,0.0,0.0
2025-02-06 13:15:00+05:30,2274.949951171875,2275.25,2268.64990234375,2269.0,50032,0.0,0.0
2025-02-06 13:30:00+05:30,2269.14990234375,2272.300048828125,2266.10009765625,2267.0,27824,0.0,0.0
2025-02-06 13:45:00+05:30,2268.10009765625,2268.10009765625,2262.10009765625,2266.0,30196,0.0,0.0
2025-02-06 14:00:00+05:30,2266.050048828125,2269.14990234375,2261.60009765625,2262.800048828125,30740,0.0,0.0
2025-02-06 14:15:00+05:30,2262.800048828125,2266.10009765625,2260.25,2265.0,46518,0.0,0.0
2025-02-06 14:30:00+05:30,2264.800048828125,2266.699951171875,2262.75,2263.39990234375,38163,0.0,0.0
2025-02-06 14:45:00+05:30,2263.89990234375,2266.0,2263.0,2263.800048828125,49670,0.0,0.0
2025-02-06 15:00:00+05:30,2263.14990234375,2266.0,2261.5,2261.800048828125,127619,0.0,0.0
2025-02-06 15:15:00+05:30,2261.949951171875,2268.14990234375,2260.699951171875,2266.85009765625,159715,0.0,0.0
2025-02-07 09:15:00+05:30,2265.0,2269.64990234375,2244.050048828125,2247.0,63865,0.0,0.0
2025-02-07 09:30:00+05:30,2247.0,2251.89990234375,2245.550048828125,2251.199951171875,54585,0.0,0.0
2025-02-07 09:45:00+05:30,2251.050048828125,2260.35009765625,2247.35009765625,2259.10009765625,60806,0.0,0.0
2025-02-07 10:00:00+05:30,2259.10009765625,2262.25,2254.5,2257.64990234375,45036,0.0,0.0
2025-02-07 10:15:00+05:30,2257.89990234375,2259.5,2243.199951171875,2248.0,37595,0.0,0.0
2025-02-07 10:30:00+05:30,2248.0,2255.35009765625,2246.0,2254.0,33493,0.0,0.0
2025-02-07 10:45:00+05:30,2254.949951171875,2258.5,2252.0,2257.64990234375,36804,0.0,0.0
2025-02-07 11:00:00+05:30,2257.0,2262.0,2256.050048828125,2257.85009765625,133633,0.0,0.0
2025-02-07 11:15:00+05:30,2257.800048828125,2263.39990234375,2257.0,2263.25,34482,0.0,0.0
2025-02-07 11:30:00+05:30,2263.449951171875,2266.89990234375,2258.5,2265.800048828125,59088,0.0,0.0
2025-02-07 11:45:00+05:30,2265.800048828125,2267.5,2259.60009765625,2262.550048828125,20384,0.0,0.0
2025-02-07 12:00:00+05:30,2263.39990234375,2263.39990234375,2255.39990234375,2258.60009765625,23422,0.0,0.0
2025-02-07 12:15:00+05:30,2258.60009765625,2264.0,2258.050048828125,2262.75,29352,0.0,0.0
2025-02-07 12:30:00+05:30,2263.050048828125,2265.0,2261.85009765625,2263.64990234375,34049,0.0,0.0
2025-02-07 12:45:00+05:30,2264.5,2264.64990234375,2260.0,2261.75,32956,0.0,0.0
2025-02-07 13:00:00+05:30,2261.75,2267.550048828125,2259.300048828125,2260.10009765625,72290,0.0,0.0
2025-02-07 13:15:00+05:30,2260.0,2263.0,2257.64990234375,2262.5,35277,0.0,0.0
2025-02-07 13:30:00+05:30,2262.5,2267.0,2262.449951171875,2264.39990234375,46068,0.0,0.0
2025-02-07 13:45:00+05:30,2264.39990234375,2265.89990234375,2256.550048828125,2258.800048828125,33191,0.0,0.0
2025-02-07 14:00:00+05:30,2259.550048828125,2269.949951171875,2257.89990234375,2269.35009765625,128731,0.0,0.0
2025-02-07 14:15:00+05:30,2268.60009765625,2271.550048828125,2263.550048828125,2265.699951171875,42678,0.0,0.0
2025-02-07 14:30:00+05:30,2265.550048828125,2266.64990234375,2263.0,2264.199951171875,29518,0.0,0.0
2025-02-07 14:45:00+05:30,2264.0,2264.800048828125,2258.0,2260.14990234375,39891,0.0,0.0
2025-02-07 15:00:00+05:30,2260.75,2272.75,2260.75,2271.60009765625,77153,0.0,0.0
2025-02-07 15:15:00+05:30,2272.0,2276.050048828125,2270.14990234375,2271.0,77717,0.0,0.0
2025-02-10 09:15:00+05:30,2271.050048828125,2277.199951171875,2261.199951171875,2270.949951171875,54749,0.0,0.0
2025-02-10 09:30:00+05:30,2270.14990234375,2275.050048828125,2261.050048828125,2262.5,43317,0.0,0.0
2025-02-10 09:45:00+05:30,2262.60009765625,2275.64990234375,2262.5,2272.699951171875,62937,0.0,0.0
2025-02-10 10:00:00+05:30,2273.75,2278.0,2258.14990234375,2262.89990234375,47929,0.0,0.0
2025-02-10 10:15:00+05:30,2262.949951171875,2267.75,2260.199951171875,2265.449951171875,16028,0.0,0.0
2025-02-10 10:30:00+05:30,2265.0,2273.64990234375,2265.0,2271.14990234375,30500,0.0,0.0
2025-02-10 10:45:00+05:30,2272.0,2273.25,2269.75,2270.0,33700,0.0,0.0
2025-02-10 11:00:00+05:30,2270.5,2270.5,2263.199951171875,2266.5,38565,0.0,0.0
2025-02-10 11:15:00+05:30,2266.449951171875,2270.39990234375,2265.0,2268.85009765625,35070,0.0,0.0
2025-02-10 11:30:00+05:30,2268.800048828125,2270.949951171875,2266.35009765625,2267.75,44418,0.0,0.0
2025-02-10 11:45:00+05:30,2267.75,2269.35009765625,2261.0,2262.60009765625,59045,0.0,0.0
2025-02-10 12:00:00+05:30,2262.39990234375,2263.64990234375,2256.199951171875,2260.25,54047,0.0,0.0
2025-02-10 12:15:00+05:30,2260.25,2262.0,2254.60009765625,2261.300048828125,43742,0.0,0.0
2025-02-10 12:30:00+05:30,2261.300048828125,2263.60009765625,2259.10009765625,2262.39990234375,31101,0.0,0.0
2025-02-10 12:45:00+05:30,2261.85009765625,2264.89990234375,2260.300048828125,2263.10009765625,14693,0.0,0.0
2025-02-10 13:00:00+05:30,2263.0,2264.550048828125,2261.10009765625,2264.050048828125,22953,0.0,0.0
2025-02-10 13:15:00+05:30,2263.050048828125,2263.85009765625,2255.800048828125,2260.64990234375,28911,0.0,0.0
2025-02-10 13:30:00+05:30,2260.39990234375,2265.449951171875,2258.85009765625,2264.949951171875,19844,0.0,0.0
2025-02-10 13:45:00+05:30,2265.39990234375,2267.89990234375,2260.75,2262.0,42532,0.0,0.0
2025-02-10 14:00:00+05:30,2262.0,2265.0,2262.0,2264.0,22679,0.0,0.0
2025-02-10 14:15:00+05:30,2264.0,2264.89990234375,2264.0,2264.39990234375,18588,0.0,0.0
2025-02-10 14:30:00+05:30,2264.550048828125,2271.949951171875,2264.0,2267.0,47080,0.0,0.0
2025-02-10 14:45:00+05:30,2267.39990234375,2271.35009765625,2265.0,2270.0,33365,0.0,0.0
2025-02-10 15:00:00+05:30,2271.0,2272.199951171875,2268.60009765625,2270.60009765625,100690,0.0,0.0
2025-02-10 15:15:00+05:30,2270.0,2270.89990234375,2263.699951171875,2270.85009765625,210987,0.0,0.0
2025-02-11 09:15:00+05:30,2279.0,2282.050048828125,2266.949951171875,2267.0,43496,0.0,0.0
2025-02-11 09:30:00+05:30,2268.10009765625,2276.699951171875,2267.35009765625,2276.449951171875,28121,0.0,0.0
2025-02-11 09:45:00+05:30,2276.25,2277.0,2255.64990234375,2258.64990234375,52631,0.0,0.0
2025-02-11 10:00:00+05:30,2259.050048828125,2260.449951171875,2250.89990234375,2253.449951171875,40828,0.0,0.0
2025-02-11 10:15:00+05:30,2253.5,2253.5,2249.0,2251.89990234375,31728,0.0,0.0
2025-02-11 10:30:00+05:30,2251.5,2251.800048828125,2243.449951171875,2244.300048828125,29774,0.0,0.0
2025-02-11 10:45:00+05:30,2244.0,2246.14990234375,2241.25,2241.75,20879,0.0,0.0
2025-02-11 11:00:00+05:30,2241.60009765625,2242.25,2234.300048828125,2240.60009765625,29317,0.0,0.0
2025-02-11 11:15:00+05:30,2240.85009765625,2244.89990234375,2239.300048828125,2239.85009765625,19045,0.0,0.0
2025-02-11 11:30:00+05:30,2240.10009765625,2250.050048828125,2237.60009765625,2246.60009765625,99257,0.0,0.0
2025-02-11 11:45:00+05:30,2247.10009765625,2252.949951171875,2245.5,2252.85009765625,61368,0.0,0.0
2025-02-11 12:00:00+05:30,2252.800048828125,2254.89990234375,2250.64990234375,2254.14990234375,18821,0.0,0.0
2025-02-11 12:15:00+05:30,2254.050048828125,2256.0,2252.5,2254.0,27969,0.0,0.0
2025-02-11 12:30:00+05:30,2254.050048828125,2254.300048828125,2251.050048828125,2253.0,49946,0.0,0.0
2025-02-11 12:45:00+05:30,2253.050048828125,2253.699951171875,2245.0,2247.75,115348,0.0,0.0
2025-02-11 13:00:00+05:30,2247.800048828125,2247.800048828125,2234.25,2236.050048828125,208654,0.0,0.0
2025-02-11 13:15:00+05:30,2235.550048828125,2246.89990234375,2234.75,2245.050048828125,119585,0.0,0.0
2025-02-11 13:30:00+05:30,2245.050048828125,2245.300048828125,2237.64990234375,2241.5,65977,0.0,0.0
2025-02-11 13:45:00+05:30,2241.5,2244.800048828125,2231.25,2231.25,47567,0.0,0.0
2025-02-11 14:00:00+05:30,2231.35009765625,2239.14990234375,2226.39990234375,2237.0,89512,0.0,0.0
2025-02-11 14:15:00+05:30,2236.89990234375,2236.89990234375,2228.35009765625,2229.0,32071,0.0,0.0
2025-02-11 14:30:00+05:30,2229.0,2232.800048828125,2227.199951171875,2229.60009765625,36958,0.0,0.0
2025-02-11 14:45:00+05:30,2229.25,2240.0,2229.25,2231.300048828125,52099,0.0,0.0
2025-02-11 15:00:00+05:30,2231.300048828125,2243.89990234375,2231.300048828125,2241.300048828125,147180,0.0,0.0
2025-02-11 15:15:00+05:30,2241.300048828125,2243.800048828125,2236.0,2240.85009765625,108412,0.0,0.0
2025-02-12 09:15:00+05:30,2236.199951171875,2240.199951171875,2210.449951171875,2210.449951171875,47367,0.0,0.0
2025-02-12 09:30:00+05:30,2210.300048828125,2210.699951171875,2201.10009765625,2204.60009765625,63621,0.0,0.0
2025-02-12 09:45:00+05:30,2203.0,2207.0,2196.0,2196.0,134912,0.0,0.0
2025-02-12 10:00:00+05:30,2196.050048828125,2196.050048828125,2185.800048828125,2191.050048828125,62502,0.0,0.0
2025-02-12 10:15:00+05:30,2190.60009765625,2201.449951171875,2189.0,2200.10009765625,104136,0.0,0.0
2025-02-12 10:30:00+05:30,2198.949951171875,2209.39990234375,2196.800048828125,2205.10009765625,64821,0.0,0.0
2025-02-12 10:45:00+05:30,2205.10009765625,2212.5,2204.39990234375,2209.64990234375,30049,0.0,0.0
2025-02-12 11:00:00+05:30,2209.64990234375,2214.64990234375,2204.10009765625,2212.60009765625,33542,0.0,0.0
2025-02-12 11:15:00+05:30,2212.550048828125,2221.699951171875,2210.199951171875,2221.64990234375,28160,0.0,0.0
2025-02-12 11:30:00+05:30,2221.550048828125,2224.89990234375,2215.14990234375,2223.89990234375,37027,0.0,0.0
2025-02-12 11:45:00+05:30,2224.449951171875,2228.39990234375,2220.0,2226.449951171875,31460,0.0,0.0
2025-02-12 12:00:00+05:30,2228.14990234375,2237.550048828125,2226.85009765625,2234.699951171875,84786,0.0,0.0
2025-02-12 12:15:00+05:30,2234.60009765625,2236.0,2224.25,2225.75,62205,0.0,0.0
2025-02-12 12:30:00+05:30,2225.75,2233.699951171875,2224.199951171875,2225.85009765625,16348,0.0,0.0
2025-02-12 12:45:00+05:30,2227.35009765625,2233.75,2225.300048828125,2229.0,21469,0.0,0.0
2025-02-12 13:00:00+05:30,2229.60009765625,2235.39990234375,2227.300048828125,2234.64990234375,17002,0.0,0.0
2025-02-12 13:15:00+05:30,2235.050048828125,2235.199951171875,2230.0,2231.89990234375,18970,0.0,0.0
2025-02-12 13:30:00+05:30,2231.949951171875,2235.85009765625,2227.5,2231.14990234375,18006,0.0,0.0
2025-02-12 13:45:00+05:30,2231.0,2231.25,2224.300048828125,2224.5,17070,0.0,0.0
2025-02-12 14:00:00+05:30,2224.300048828125,2226.64990234375,2220.0,2223.800048828125,23484,0.0,0.0
2025-02-12 14:15:00+05:30,2223.800048828125,2226.25,2220.949951171875,2223.85009765625,21186,0.0,0.0
2025-02-12 14:30:00+05:30,2224.800048828125,2228.449951171875,2221.39990234375,2225.75,29222,0.0,0.0
2025-02-12 14:45:00+05:30,2224.800048828125,2226.699951171875,2222.89990234375,2223.14990234375,21614,0.0,0.0
2025-02-12 15:00:00+05:30,2223.25,2230.0,2223.25,2227.89990234375,71093,0.0,0.0
2025-02-12 15:15:00+05:30,2227.89990234375,2229.949951171875,2224.35009765625,2228.800048828125,81731,0.0,0.0
2025-02-13 09:15:00+05:30,2230.64990234375,2235.699951171875,2220.0,2221.60009765625,33461,0.0,0.0
2025-02-13 09:30:00+05:30,2221.10009765625,2230.699951171875,2221.10009765625,2228.449951171875,32643,0.0,0.0
2025-02-13 09:45:00+05:30,2229.25,2239.0,2228.5,2235.5,28676,0.0,0.0
2025-02-13 10:00:00+05:30,2235.5,2237.949951171875,2231.35009765625,2232.5,30148,0.0,0.0
2025-02-13 10:15:00+05:30,2232.5,2239.64990234375,2230.85009765625,2232.89990234375,22332,0.0,0.0
2025-02-13 10:30:00+05:30,2232.64990234375,2240.0,2232.0,2236.35009765625,17082,0.0,0.0
2025-02-13 10:45:00+05:30,2237.0,2240.0,2235.300048828125,2237.5,20923,0.0,0.0
2025-02-13 11:00:00+05:30,2237.89990234375,2239.0,2232.449951171875,2239.0,26774,0.0,0.0
2025-02-13 11:15:00+05:30,2238.800048828125,2240.0,2236.0,2237.60009765625,12886,0.0,0.0
2025-02-13 11:30:00+05:30,2238.050048828125,2239.550048828125,2234.800048828125,2238.0,23697,0.0,0.0
2025-02-13 11:45:00+05:30,2238.0,2245.0,2235.800048828125,2244.800048828125,31070,0.0,0.0
2025-02-13 12:00:00+05:30,2244.60009765625,2249.949951171875,2242.35009765625,2243.699951171875,24864,0.0,0.0
2025-02-13 12:15:00+05:30,2243.75,2244.64990234375,2239.0,2243.14990234375,20962,0.0,0.0
2025-02-13 12:30:00+05:30,2243.14990234375,2245.699951171875,2242.0,2245.14990234375,18153,0.0,0.0
2025-02-13 12:45:00+05:30,2245.60009765625,2247.0,2242.0,2245.14990234375,16565,0.0,0.0
2025-02-13 13:00:00+05:30,2245.199951171875,2245.449951171875,2238.10009765625,2239.75,39946,0.0,0.0
2025-02-13 13:15:00+05:30,2240.25,2245.199951171875,2239.10009765625,2245.199951171875,42176,0.0,0.0
2025-02-13 13:30:00+05:30,2244.050048828125,2244.949951171875,2230.39990234375,2235.699951171875,44188,0.0,0.0
2025-02-13 13:45:00+05:30,2235.699951171875,2238.75,2232.85009765625,2235.550048828125,25176,0.0,0.0
2025-02-13 14:00:00+05:30,2235.89990234375,2240.64990234375,2233.25,2236.39990234375,44224,0.0,0.0
2025-02-13 14:15:00+05:30,2236.050048828125,2242.0,2235.75,2241.25,27171,0.0,0.0
2025-02-13 14:30:00+05:30,2240.14990234375,2240.25,2232.0,2233.0,42840,0.0,0.0
2025-02-13 14:45:00+05:30,2233.10009765625,2238.449951171875,2233.0,2236.699951171875,26997,0.0,0.0
2025-02-13 15:00:00+05:30,2238.75,2241.300048828125,2233.0,2235.800048828125,140156,0.0,0.0
2025-02-13 15:15:00+05:30,2235.800048828125,2236.25,2230.0,2231.949951171875,93160,0.0,0.0
2025-02-14 09:15:00+05:30,2237.300048828125,2239.85009765625,2225.050048828125,2225.550048828125,27870,0.0,0.0
2025-02-14 09:30:00+05:30,2226.0,2239.199951171875,2223.25,2237.10009765625,45660,0.0,0.0
2025-02-14 09:45:00+05:30,2237.25,2240.64990234375,2228.0,2234.5,33077,0.0,0.0
2025-02-14 10:00:00+05:30,2235.0,2238.14990234375,2228.64990234375,2229.39990234375,28220,0.0,0.0
2025-02-14 10:15:00+05:30,2230.0,2234.0,2227.800048828125,2228.199951171875,28137,0.0,0.0
2025-02-14 10:30:00+05:30,2228.64990234375,2232.199951171875,2222.10009765625,2225.0,59909,0.0,0.0
2025-02-14 10:45:00+05:30,2225.10009765625,2227.25,2217.64990234375,2224.550048828125,100443,0.0,0.0
2025-02-14 11:00:00+05:30,2224.35009765625,2230.0,2217.0,2222.60009765625,107073,0.0,0.0
2025-02-14 11:15:00+05:30,2221.75,2223.10009765625,2205.35009765625,2205.449951171875,67137,0.0,0.0
2025-02-14 11:30:00+05:30,2205.35009765625,2215.89990234375,2203.050048828125,2215.0,50919,0.0,0.0
2025-02-14 11:45:00+05:30,2214.85009765625,2217.699951171875,2208.35009765625,2217.699951171875,32059,0.0,0.0
2025-02-14 12:00:00+05:30,2217.10009765625,2217.449951171875,2209.0,2211.800048828125,80509,0.0,0.0
2025-02-14 12:15:00+05:30,2211.89990234375,2216.0,2210.35009765625,2214.050048828125,30747,0.0,0.0
2025-02-14 12:30:00+05:30,2214.39990234375,2220.5,2213.0,2215.550048828125,31734,0.0,0.0
2025-02-14 12:45:00+05:30,2215.0,2220.39990234375,2211.39990234375,2218.0,55746,0.0,0.0
2025-02-14 13:00:00+05:30,2217.5,2218.949951171875,2210.39990234375,2211.75,53662,0.0,0.0
2025-02-14 13:15:00+05:30,2211.14990234375,2221.300048828125,2210.35009765625,2221.0,31987,0.0,0.0
2025-02-14 13:30:00+05:30,2220.64990234375,2221.5,2215.85009765625,2219.14990234375,28667,0.0,0.0
2025-02-14 13:45:00+05:30,2219.10009765625,2220.0,2216.10009765625,2217.199951171875,17501,0.0,0.0
2025-02-14 14:00:00+05:30,2217.0,2220.0,2212.89990234375,2218.5,37137,0.0,0.0
2025-02-14 14:15:00+05:30,2218.800048828125,2225.300048828125,2218.050048828125,2221.550048828125,49206,0.0,0.0
2025-02-14 14:30:00+05:30,2221.699951171875,2234.39990234375,2220.0,2233.35009765625,69064,0.0,0.0
2025-02-14 14:45:00+05:30,2234.35009765625,2236.25,2222.0,2224.949951171875,52839,0.0,0.0
2025-02-14 15:00:00+05:30,2227.449951171875,2235.25,2222.800048828125,2233.199951171875,144730,0.0,0.0
2025-02-14 15:15:00+05:30,2233.199951171875,2233.199951171875,2221.14990234375,2224.949951171875,90336,0.0,0.0
2025-02-17 09:15:00+05:30,2231.199951171875,2253.89990234375,2226.10009765625,2246.5,48079,0.0,0.0
2025-02-17 09:30:00+05:30,2244.800048828125,2250.10009765625,2235.550048828125,2241.64990234375,58247,0.0,0.0
2025-02-17 09:45:00+05:30,2240.699951171875,2252.0,2240.699951171875,2246.949951171875,51813,0.0,0.0
2025-02-17 10:00:00+05:30,2247.0,2250.0,2237.60009765625,2246.0,56866,0.0,0.0
2025-02-17 10:15:00+05:30,2245.0,2256.050048828125,2244.25,2252.550048828125,50558,0.0,0.0
2025-02-17 10:30:00+05:30,2251.699951171875,2259.60009765625,2248.0,2255.0,34845,0.0,0.0
2025-02-17 10:45:00+05:30,2254.050048828125,2255.39990234375,2245.699951171875,2247.75,25510,0.0,0.0
2025-02-17 11:00:00+05:30,2247.64990234375,2248.800048828125,2237.0,2237.85009765625,39913,0.0,0.0
2025-02-17 11:15:00+05:30,2236.64990234375,2241.0,2236.0,2240.0,26415,0.0,0.0
2025-02-17 11:30:00+05:30,2239.699951171875,2245.5,2238.0,2245.5,20970,0.0,0.0
2025-02-17 11:45:00+05:30,2245.39990234375,2249.0,2243.050048828125,2248.0,26584,0.0,0.0
2025-02-17 12:00:00+05:30,2248.35009765625,2251.75,2243.25,2243.25,21687,0.0,0.0
2025-02-17 12:15:00+05:30,2243.800048828125,2247.0,2241.25,2246.699951171875,20854,0.0,0.0
2025-02-17 12:30:00+05:30,2246.699951171875,2254.85009765625,2245.89990234375,2251.75,31027,0.0,0.0
2025-02-17 12:45:00+05:30,2252.699951171875,2257.85009765625,2251.300048828125,2255.85009765625,27132,0.0,0.0
2025-02-17 13:00:00+05:30,2256.39990234375,2258.0,2253.64990234375,2254.0,20735,0.0,0.0
2025-02-17 13:15:00+05:30,2254.60009765625,2257.699951171875,2252.949951171875,2257.550048828125,20161,0.0,0.0
2025-02-17 13:30:00+05:30,2257.550048828125,2260.0,2255.14990234375,2255.64990234375,32930,0.0,0.0
2025-02-17 13:45:00+05:30,2255.300048828125,2256.550048828125,2248.550048828125,2249.35009765625,23664,0.0,0.0
2025-02-17 14:00:00+05:30,2250.0,2253.0,2245.25,2248.64990234375,19435,0.0,0.0
2025-02-17 14:15:00+05:30,2248.35009765625,2252.35009765625,2247.0,2249.0,37721,0.0,0.0
2025-02-17 14:30:00+05:30,2247.89990234375,2253.0,2247.699951171875,2252.050048828125,16962,0.0,0.0
2025-02-17 14:45:00+05:30,2252.449951171875,2254.949951171875,2250.0,2252.25,36138,0.0,0.0
2025-02-17 15:00:00+05:30,2253.050048828125,2255.0,2251.35009765625,2254.5,44729,0.0,0.0
2025-02-17 15:15:00+05:30,2253.550048828125,2253.89990234375,2247.0,2249.0,83533,0.0,0.0
2025-02-18 09:15:00+05:30,2250.449951171875,2251.300048828125,2227.35009765625,2236.550048828125,30926,0.0,0.0
2025-02-18 09:30:00+05:30,2237.449951171875,2241.449951171875,2230.0,2233.050048828125,22079,0.0,0.0
2025-02-18 09:45:00+05:30,2233.300048828125,2237.449951171875,2229.050048828125,2229.050048828125,25356,0.0,0.0
2025-02-18 10:00:00+05:30,2229.0,2234.050048828125,2228.5,2228.5,14237,0.0,0.0
2025-02-18 10:15:00+05:30,2228.75,2230.949951171875,2219.800048828125,2222.35009765625,37991,0.0,0.0
2025-02-18 10:30:00+05:30,2223.5,2225.699951171875,2221.10009765625,2224.949951171875,17541,0.0,0.0
2025-02-18 10:45:00+05:30,2224.85009765625,2231.5,2224.800048828125,2230.699951171875,18054,0.0,0.0
2025-02-18 11:00:00+05:30,2230.699951171875,2231.0,2222.0,2223.64990234375,22730,0.0,0.0
2025-02-18 11:15:00+05:30,2223.64990234375,2227.85009765625,2221.35009765625,2227.85009765625,22479,0.0,0.0
2025-02-18 11:30:00+05:30,2228.14990234375,2235.949951171875,2227.64990234375,2234.60009765625,32560,0.0,0.0
2025-02-18 11:45:00+05:30,2236.699951171875,2239.300048828125,2230.0,2230.10009765625,33487,0.0,0.0
2025-02-18 12:00:00+05:30,2230.0,2233.75,2229.949951171875,2232.5,17426,0.0,0.0
2025-02-18 12:15:00+05:30,2232.89990234375,2234.449951171875,2230.0,2233.64990234375,21479,0.0,0.0
2025-02-18 12:30:00+05:30,2233.64990234375,2233.75,2227.800048828125,2230.050048828125,38233,0.0,0.0
2025-02-18 12:45:00+05:30,2230.0,2231.39990234375,2226.949951171875,2230.0,48702,0.0,0.0
2025-02-18 13:00:00+05:30,2230.0,2231.85009765625,2226.89990234375,2228.85009765625,29008,0.0,0.0
2025-02-18 13:15:00+05:30,2229.0,2230.550048828125,2229.0,2230.050048828125,19260,0.0,0.0
2025-02-18 13:30:00+05:30,2230.050048828125,2233.85009765625,2230.0,2232.699951171875,10582,0.0,0.0
2025-02-18 13:45:00+05:30,2231.75,2233.25,2230.0,2230.35009765625,9162,0.0,0.0
2025-02-18 14:00:00+05:30,2229.800048828125,2233.800048828125,2229.39990234375,2233.25,24938,0.0,0.0
2025-02-18 14:15:00+05:30,2233.25,2234.60009765625,2229.89990234375,2233.89990234375,27293,0.0,0.0
2025-02-18 14:30:00+05:30,2234.800048828125,2234.800048828125,2230.75,2232.39990234375,16828,0.0,0.0
2025-02-18 14:45:00+05:30,2232.25,2233.5,2228.89990234375,2230.199951171875,33174,0.0,0.0
2025-02-18 15:00:00+05:30,2232.25,2239.0,2232.25,2238.449951171875,74906,0.0,0.0
2025-02-18 15:15:00+05:30,2238.449951171875,2238.64990234375,2232.0,2237.60009765625,72426,0.0,0.0
2025-02-19 09:15:00+05:30,2237.550048828125,2240.449951171875,2226.199951171875,2227.10009765625,40575,0.0,0.0
2025-02-19 09:30:00+05:30,2227.10009765625,2237.0,2226.35009765625,2236.699951171875,41047,0.0,0.0
2025-02-19 09:45:00+05:30,2236.699951171875,2246.050048828125,2236.699951171875,2245.449951171875,29480,0.0,0.0
2025-02-19 10:00:00+05:30,2245.550048828125,2246.699951171875,2240.89990234375,2245.050048828125,20368,0.0,0.0
2025-02-19 10:15:00+05:30,2247.10009765625,2249.699951171875,2246.050048828125,2247.25,22112,0.0,0.0
2025-02-19 10:30:00+05:30,2246.949951171875,2249.5,2243.75,2246.64990234375,16980,0.0,0.0
2025-02-19 10:45:00+05:30,2246.64990234375,2248.60009765625,2237.449951171875,2237.449951171875,19066,0.0,0.0
2025-02-19 11:00:00+05:30,2238.10009765625,2243.85009765625,2237.60009765625,2243.35009765625,20663,0.0,0.0
2025-02-19 11:15:00+05:30,2243.85009765625,2244.800048828125,2239.050048828125,2241.35009765625,17961,0.0,0.0
2025-02-19 11:30:00+05:30,2241.949951171875,2244.5,2238.300048828125,2239.14990234375,14732,0.0,0.0
2025-02-19 11:45:00+05:30,2238.60009765625,2243.449951171875,2236.199951171875,2242.85009765625,18190,0.0,0.0
2025-02-19 12:00:00+05:30,2243.75,2245.75,2241.949951171875,2242.85009765625,16476,0.0,0.0
2025-02-19 12:15:00+05:30,2242.800048828125,2245.0,2239.39990234375,2240.5,21037,0.0,0.0
2025-02-19 12:30:00+05:30,2241.199951171875,2242.14990234375,2235.699951171875,2236.25,18817,0.0,0.0
2025-02-19 12:45:00+05:30,2236.699951171875,2237.75,2233.89990234375,2236.85009765625,20350,0.0,0.0
2025-02-19 13:00:00+05:30,2236.85009765625,2238.050048828125,2233.050048828125,2238.050048828125,17728,0.0,0.0
2025-02-19 13:15:00+05:30,2238.050048828125,2241.39990234375,2236.10009765625,2241.10009765625,16255,0.0,0.0
2025-02-19 13:30:00+05:30,2240.10009765625,2243.050048828125,2239.89990234375,2240.60009765625,20486,0.0,0.0
2025-02-19 13:45:00+05:30,2240.050048828125,2242.64990234375,2237.85009765625,2238.300048828125,14147,0.0,0.0
2025-02-19 14:00:00+05:30,2238.25,2241.60009765625,2238.0,2240.75,18149,0.0,0.0
2025-02-19 14:15:00+05:30,2240.949951171875,2241.0,2231.800048828125,2232.5,26860,0.0,0.0
2025-02-19 14:30:00+05:30,2232.35009765625,2237.39990234375,2232.14990234375,2236.64990234375,22985,0.0,0.0
2025-02-19 14:45:00+05:30,2236.0,2241.0,2236.0,2240.0,22757,0.0,0.0
2025-02-19 15:00:00+05:30,2240.199951171875,2241.39990234375,2238.800048828125,2240.199951171875,68746,0.0,0.0
2025-02-19 15:15:00+05:30,2240.199951171875,2240.199951171875,2236.0,2239.64990234375,54777,0.0,0.0
2025-02-20 09:15:00+05:30,2239.14990234375,2246.0,2237.050048828125,2237.35009765625,21762,0.0,0.0
2025-02-20 09:30:00+05:30,2237.35009765625,2240.449951171875,2233.199951171875,2237.699951171875,24655,0.0,0.0
2025-02-20 09:45:00+05:30,2237.64990234375,2238.75,2231.5,2237.64990234375,21085,0.0,0.0
2025-02-20 10:00:00+05:30,2238.25,2248.60009765625,2235.39990234375,2247.64990234375,26577,0.0,0.0
2025-02-20 10:15:00+05:30,2247.60009765625,2250.0,2246.35009765625,2248.39990234375,23243,0.0,0.0
2025-02-20 10:30:00+05:30,2247.5,2251.0,2246.14990234375,2246.89990234375,21985,0.0,0.0
2025-02-20 10:45:00+05:30,2247.85009765625,2248.64990234375,2244.199951171875,2245.199951171875,18623,0.0,0.0
2025-02-20 11:00:00+05:30,2245.699951171875,2255.0,2245.64990234375,2255.0,29729,0.0,0.0
2025-02-20 11:15:00+05:30,2255.199951171875,2257.10009765625,2252.050048828125,2255.5,32984,0.0,0.0
2025-02-20 11:30:00+05:30,2255.5,2256.0,2255.0,2255.050048828125,14886,0.0,0.0
2025-02-20 11:45:00+05:30,2255.0,2255.050048828125,2249.60009765625,2250.64990234375,30214,0.0,0.0
2025-02-20 12:00:00+05:30,2250.85009765625,2251.550048828125,2247.449951171875,2249.0,16004,0.0,0.0
2025-02-20 12:15:00+05:30,2249.300048828125,2254.64990234375,2248.35009765625,2253.300048828125,16682,0.0,0.0
2025-02-20 12:30:00+05:30,2253.25,2255.39990234375,2251.199951171875,2251.5,23007,0.0,0.0
2025-02-20 12:45:00+05:30,2251.5,2252.5,2248.300048828125,2250.199951171875,16518,0.0,0.0
2025-02-20 13:00:00+05:30,2250.64990234375,2251.39990234375,2247.699951171875,2250.550048828125,16201,0.0,0.0
2025-02-20 13:15:00+05:30,2250.35009765625,2252.199951171875,2248.550048828125,2251.050048828125,15615,0.0,0.0
2025-02-20 13:30:00+05:30,2251.050048828125,2252.64990234375,2249.35009765625,2252.0,12752,0.0,0.0
2025-02-20 13:45:00+05:30,2252.300048828125,2253.550048828125,2250.0,2251.89990234375,15145,0.0,0.0
2025-02-20 14:00:00+05:30,2251.10009765625,2253.39990234375,2250.25,2251.35009765625,17993,0.0,0.0
2025-02-20 14:15:00+05:30,2251.14990234375,2253.050048828125,2249.35009765625,2250.64990234375,21953,0.0,0.0
2025-02-20 14:30:00+05:30,2250.550048828125,2252.949951171875,2249.75,2252.14990234375,23092,0.0,0.0
2025-02-20 14:45:00+05:30,2252.14990234375,2252.64990234375,2248.949951171875,2251.14990234375,25157,0.0,0.0
2025-02-20 15:00:00+05:30,2251.949951171875,2252.199951171875,2248.85009765625,2251.0,68305,0.0,0.0
2025-02-20 15:15:00+05:30,2251.0,2251.0,2245.050048828125,2249.050048828125,67942,0.0,0.0
2025-02-21 09:15:00+05:30,2248.85009765625,2253.0,2243.449951171875,2250.550048828125,17007,0.0,0.0
2025-02-21 09:30:00+05:30,2250.550048828125,2254.949951171875,2244.5,2244.949951171875,17541,0.0,0.0
2025-02-21 09:45:00+05:30,2244.949951171875,2247.5,2240.60009765625,2241.89990234375,33899,0.0,0.0
2025-02-21 10:00:00+05:30,2241.89990234375,2244.89990234375,2237.050048828125,2238.699951171875,20044,0.0,0.0
2025-02-21 10:15:00+05:30,2238.699951171875,2246.550048828125,2237.60009765625,2243.449951171875,17964,0.0,0.0
2025-02-21 10:30:00+05:30,2244.10009765625,2246.35009765625,2240.39990234375,2242.39990234375,11355,0.0,0.0
2025-02-21 10:45:00+05:30,2242.0,2246.89990234375,2241.0,2245.60009765625,65363,0.0,0.0
2025-02-21 11:00:00+05:30,2245.5,2249.89990234375,2245.0,2247.64990234375,14692,0.0,0.0
2025-02-21 11:15:00+05:30,2247.64990234375,2248.0,2246.300048828125,2247.85009765625,7515,0.0,0.0
2025-02-21 11:30:00+05:30,2247.64990234375,2256.0,2247.64990234375,2254.14990234375,55734,0.0,0.0
2025-02-21 11:45:00+05:30,2253.699951171875,2259.0,2253.699951171875,2258.5,20283,0.0,0.0
2025-02-21 12:00:00+05:30,2258.5,2263.0,2255.0,2262.050048828125,27957,0.0,0.0
2025-02-21 12:15:00+05:30,2262.85009765625,2265.800048828125,2260.35009765625,2262.5,23043,0.0,0.0
2025-02-21 12:30:00+05:30,2262.050048828125,2262.050048828125,2250.050048828125,2250.5,44543,0.0,0.0
2025-02-21 12:45:00+05:30,2250.550048828125,2251.800048828125,2248.14990234375,2249.0,39335,0.0,0.0
2025-02-21 13:00:00+05:30,2249.050048828125,2249.949951171875,2246.75,2247.89990234375,16211,0.0,0.0
2025-02-21 13:15:00+05:30,2248.0,2253.550048828125,2248.0,2250.89990234375,17522,0.0,0.0
2025-02-21 13:30:00+05:30,2250.699951171875,2251.75,2241.0,2244.64990234375,23188,0.0,0.0
2025-02-21 13:45:00+05:30,2245.0,2245.0,2240.050048828125,2243.699951171875,17972,0.0,0.0
2025-02-21 14:00:00+05:30,2243.64990234375,2248.14990234375,2241.35009765625,2247.0,20278,0.0,0.0
2025-02-21 14:15:00+05:30,2247.0,2251.89990234375,2246.800048828125,2250.64990234375,13712,0.0,0.0
2025-02-21 14:30:00+05:30,2251.0,2255.050048828125,2249.800048828125,2253.75,21546,0.0,0.0
2025-02-21 14:45:00+05:30,2253.5,2253.85009765625,2250.0,2251.25,31163,0.0,0.0
2025-02-21 15:00:00+05:30,2254.0,2260.0,2254.0,2259.5,82069,0.0,0.0
2025-02-21 15:15:00+05:30,2259.60009765625,2259.60009765625,2251.35009765625,2257.60009765625,79914,0.0,0.0
2025-02-24 09:15:00+05:30,2248.550048828125,2253.14990234375,2245.85009765625,2251.14990234375,17445,0.0,0.0
2025-02-24 09:30:00+05:30,2251.14990234375,2256.449951171875,2242.300048828125,2242.300048828125,27555,0.0,0.0
2025-02-24 09:45:00+05:30,2242.300048828125,2251.60009765625,2241.75,2246.89990234375,31761,0.0,0.0
2025-02-24 10:00:00+05:30,2247.199951171875,2250.699951171875,2245.0,2249.199951171875,20652,0.0,0.0
2025-02-24 10:15:00+05:30,2249.199951171875,2251.550048828125,2246.60009765625,2247.35009765625,13728,0.0,0.0
2025-02-24 10:30:00+05:30,2247.300048828125,2257.949951171875,2246.550048828125,2256.75,29292,0.0,0.0
2025-02-24 10:45:00+05:30,2256.699951171875,2258.050048828125,2252.39990234375,2253.64990234375,19644,0.0,0.0
2025-02-24 11:00:00+05:30,2254.800048828125,2258.199951171875,2254.14990234375,2256.5,16804,0.0,0.0
2025-02-24 11:15:00+05:30,2256.5,2259.0,2254.949951171875,2255.300048828125,27866,0.0,0.0
2025-02-24 11:30:00+05:30,2256.5,2258.85009765625,2255.449951171875,2257.75,14241,0.0,0.0
2025-02-24 11:45:00+05:30,2257.75,2258.89990234375,2250.64990234375,2253.0,27101,0.0,0.0
2025-02-24 12:00:00+05:30,2253.0,2255.0,2246.64990234375,2246.85009765625,48613,0.0,0.0
2025-02-24 12:15:00+05:30,2246.5,2250.949951171875,2246.5,2249.0,28898,0.0,0.0
2025-02-24 12:30:00+05:30,2248.25,2248.949951171875,2244.89990234375,2245.550048828125,20678,0.0,0.0
2025-02-24 12:45:00+05:30,2245.550048828125,2251.550048828125,2245.550048828125,2248.14990234375,27462,0.0,0.0
2025-02-24 13:00:00+05:30,2248.35009765625,2250.39990234375,2247.75,2249.10009765625,19009,0.0,0.0
2025-02-24 13:15:00+05:30,2249.10009765625,2250.0,2246.75,2249.39990234375,15590,0.0,0.0
2025-02-24 13:30:00+05:30,2249.85009765625,2249.85009765625,2246.0,2246.300048828125,19392,0.0,0.0
2025-02-24 13:45:00+05:30,2246.300048828125,2248.75,2245.0,2247.10009765625,15936,0.0,0.0
2025-02-24 14:00:00+05:30,2247.60009765625,2252.60009765625,2247.050048828125,2251.89990234375,25630,0.0,0.0
2025-02-24 14:15:00+05:30,2251.449951171875,2254.300048828125,2249.050048828125,2249.300048828125,36256,0.0,0.0
2025-02-24 14:30:00+05:30,2249.25,2250.0,2248.64990234375,2249.949951171875,45104,0.0,0.0
2025-02-24 14:45:00+05:30,2250.0,2250.300048828125,2247.85009765625,2249.0,41912,0.0,0.0
2025-02-24 15:00:00+05:30,2249.300048828125,2249.300048828125,2246.39990234375,2246.949951171875,70588,0.0,0.0
2025-02-24 15:15:00+05:30,2246.949951171875,2246.949951171875,2242.0,2244.0,83160,0.0,0.0
2025-02-25 09:15:00+05:30,2249.0,2254.0,2240.14990234375,2247.60009765625,28325,0.0,0.0
2025-02-25 09:30:00+05:30,2248.35009765625,2254.550048828125,2246.85009765625,2250.85009765625,33215,0.0,0.0
2025-02-25 09:45:00+05:30,2250.949951171875,2257.0,2250.949951171875,2254.60009765625,43538,0.0,0.0
2025-02-25 10:00:00+05:30,2254.60009765625,2255.75,2251.0,2254.14990234375,27919,0.0,0.0
2025-02-25 10:15:00+05:30,2254.0,2255.550048828125,2250.60009765625,2252.75,29080,0.0,0.0
2025-02-25 10:30:00+05:30,2253.39990234375,2253.39990234375,2249.800048828125,2249.949951171875,25825,0.0,0.0
2025-02-25 10:45:00+05:30,2249.199951171875,2252.39990234375,2248.85009765625,2251.10009765625,16883,0.0,0.0
2025-02-25 11:00:00+05:30,2251.10009765625,2251.10009765625,2245.5,2249.5,23181,0.0,0.0
2025-02-25 11:15:00+05:30,2249.14990234375,2249.89990234375,2245.0,2245.0,21701,0.0,0.0
2025-02-25 11:30:00+05:30,2245.75,2249.64990234375,2242.800048828125,2248.949951171875,32708,0.0,0.0
2025-02-25 11:45:00+05:30,2248.89990234375,2250.949951171875,2247.25,2249.89990234375,18598,0.0,0.0
2025-02-25 12:00:00+05:30,2249.199951171875,2250.0,2245.85009765625,2249.199951171875,24073,0.0,0.0
2025-02-25 12:15:00+05:30,2248.800048828125,2249.39990234375,2246.050048828125,2247.050048828125,18505,0.0,0.0
2025-02-25 12:30:00+05:30,2247.050048828125,2247.050048828125,2243.699951171875,2246.25,17582,0.0,0.0
2025-02-25 12:45:00+05:30,2246.300048828125,2248.5,2246.25,2247.60009765625,18425,0.0,0.0
2025-02-25 13:00:00+05:30,2247.64990234375,2249.550048828125,2246.25,2247.64990234375,24062,0.0,0.0
2025-02-25 13:15:00+05:30,2247.75,2247.75,2244.800048828125,2245.60009765625,21772,0.0,0.0
2025-02-25 13:30:00+05:30,2245.800048828125,2245.949951171875,2244.10009765625,2244.39990234375,17528,0.0,0.0
2025-02-25 13:45:00+05:30,2244.39990234375,2244.39990234375,2237.25,2238.050048828125,48129,0.0,0.0
2025-02-25 14:00:00+05:30,2238.0,2238.199951171875,2230.35009765625,2233.10009765625,48149,0.0,0.0
2025-02-25 14:15:00+05:30,2233.10009765625,2234.14990234375,2230.10009765625,2231.10009765625,33010,0.0,0.0
2025-02-25 14:30:00+05:30,2231.25,2234.949951171875,2231.25,2233.699951171875,50951,0.0,0.0
2025-02-25 14:45:00+05:30,2233.199951171875,2235.25,2230.449951171875,2230.5,58589,0.0,0.0
2025-02-25 15:00:00+05:30,2230.449951171875,2230.449951171875,2225.0,2226.10009765625,124977,0.0,0.0
2025-02-25 15:15:00+05:30,2226.10009765625,2226.25,2217.89990234375,2222.550048828125,106676,0.0,0.0
2025-02-27 09:15:00+05:30,2222.0,2227.949951171875,2214.10009765625,2225.60009765625,32169,0.0,0.0
2025-02-27 09:30:00+05:30,2225.550048828125,2226.0,2216.199951171875,2218.050048828125,33898,0.0,0.0
2025-02-27 09:45:00+05:30,2218.199951171875,2220.800048828125,2208.25,2209.300048828125,29187,0.0,0.0
2025-02-27 10:00:00+05:30,2208.699951171875,2212.10009765625,2207.199951171875,2208.75,27328,0.0,0.0
2025-02-27 10:15:00+05:30,2208.75,2212.050048828125,2206.550048828125,2211.85009765625,21867,0.0,0.0
2025-02-27 10:30:00+05:30,2211.949951171875,2217.89990234375,2211.25,2213.85009765625,27076,0.0,0.0
2025-02-27 10:45:00+05:30,2215.0,2219.800048828125,2213.75,2214.0,25928,0.0,0.0
2025-02-27 11:00:00+05:30,2214.0,2217.199951171875,2212.300048828125,2216.5,20169,0.0,0.0
2025-02-27 11:15:00+05:30,2216.5,2218.35009765625,2215.25,2218.0,16767,0.0,0.0
2025-02-27 11:30:00+05:30,2218.0,2220.949951171875,2217.0,2219.0,24680,0.0,0.0
2025-02-27 11:45:00+05:30,2218.949951171875,2219.39990234375,2215.25,2219.39990234375,18790,0.0,0.0
2025-02-27 12:00:00+05:30,2219.60009765625,2222.89990234375,2218.85009765625,2221.85009765625,27433,0.0,0.0
2025-02-27 12:15:00+05:30,2221.64990234375,2222.89990234375,2216.699951171875,2217.75,22132,0.0,0.0
2025-02-27 12:30:00+05:30,2217.39990234375,2218.300048828125,2212.449951171875,2216.25,36941,0.0,0.0
2025-02-27 12:45:00+05:30,2216.25,2216.5,2213.800048828125,2216.35009765625,24303,0.0,0.0
2025-02-27 13:00:00+05:30,2216.35009765625,2216.949951171875,2214.0,2214.199951171875,24504,0.0,0.0
2025-02-27 13:15:00+05:30,2214.14990234375,2214.60009765625,2210.35009765625,2211.25,33034,0.0,0.0
2025-02-27 13:30:00+05:30,2211.25,2211.449951171875,2203.300048828125,2203.300048828125,41754,0.0,0.0
2025-02-27 13:45:00+05:30,2203.64990234375,2203.699951171875,2200.300048828125,2201.25,30090,0.0,0.0
2025-02-27 14:00:00+05:30,2201.300048828125,2202.449951171875,2199.0,2200.5,45671,0.0,0.0
2025-02-27 14:15:00+05:30,2200.5,2208.64990234375,2200.0,2208.550048828125,39571,0.0,0.0
2025-02-27 14:30:00+05:30,2207.5,2208.300048828125,2202.25,2205.75,46865,0.0,0.0
2025-02-27 14:45:00+05:30,2205.25,2211.0,2204.25,2210.449951171875,55895,0.0,0.0
2025-02-27 15:00:00+05:30,2211.75,2216.199951171875,2210.89990234375,2213.199951171875,157937,0.0,0.0
2025-02-27 15:15:00+05:30,2212.949951171875,2216.449951171875,2209.60009765625,2215.0,119187,0.0,0.0
2025-02-28 09:15:00+05:30,2203.14990234375,2207.5,2194.14990234375,2202.85009765625,39717,0.0,0.0
2025-02-28 09:30:00+05:30,2204.89990234375,2206.14990234375,2197.35009765625,2200.949951171875,55241,0.0,0.0
2025-02-28 09:45:00+05:30,2201.39990234375,2208.89990234375,2195.75,2197.10009765625,57381,0.0,0.0
2025-02-28 10:00:00+05:30,2197.10009765625,2197.300048828125,2188.0,2189.39990234375,47636,0.0,0.0
2025-02-28 10:15:00+05:30,2189.85009765625,2192.0,2185.75,2189.5,42897,0.0,0.0
2025-02-28 10:30:00+05:30,2189.5,2196.0,2189.449951171875,2195.550048828125,30139,0.0,0.0
2025-02-28 10:45:00+05:30,2195.0,2197.0,2190.0,2191.5,26745,0.0,0.0
2025-02-28 11:00:00+05:30,2191.449951171875,2191.89990234375,2182.0,2182.10009765625,36739,0.0,0.0
2025-02-28 11:15:00+05:30,2181.64990234375,2185.199951171875,2178.85009765625,2183.25,48183,0.0,0.0
2025-02-28 11:30:00+05:30,2183.64990234375,2194.75,2183.64990234375,2188.35009765625,31958,0.0,0.0
2025-02-28 11:45:00+05:30,2188.35009765625,2189.949951171875,2187.0,2188.0,29113,0.0,0.0
2025-02-28 12:00:00+05:30,2188.050048828125,2189.5,2182.5,2185.449951171875,64105,0.0,0.0
2025-02-28 12:15:00+05:30,2184.800048828125,2192.89990234375,2184.0,2191.300048828125,43297,0.0,0.0
2025-02-28 12:30:00+05:30,2192.0,2192.300048828125,2185.050048828125,2185.949951171875,62506,0.0,0.0
2025-02-28 12:45:00+05:30,2185.949951171875,2191.0,2178.5,2178.64990234375,54911,0.0,0.0
2025-02-28 13:00:00+05:30,2178.64990234375,2188.699951171875,2178.64990234375,2187.14990234375,59015,0.0,0.0
2025-02-28 13:15:00+05:30,2187.64990234375,2190.0,2186.5,2188.35009765625,25803,0.0,0.0
2025-02-28 13:30:00+05:30,2188.75,2189.449951171875,2184.449951171875,2185.14990234375,29152,0.0,0.0
2025-02-28 13:45:00+05:30,2184.75,2190.0,2183.050048828125,2186.949951171875,20682,0.0,0.0
2025-02-28 14:00:00+05:30,2186.5,2186.5,2180.35009765625,2182.14990234375,23756,0.0,0.0
2025-02-28 14:15:00+05:30,2181.699951171875,2191.60009765625,2181.10009765625,2191.0,26604,0.0,0.0
2025-02-28 14:30:00+05:30,2191.0,2194.25,2190.0,2192.949951171875,18575,0.0,0.0
2025-02-28 14:45:00+05:30,2193.75,2197.35009765625,2193.050048828125,2195.64990234375,25992,0.0,0.0
2025-02-28 15:00:00+05:30,2196.25,2196.25,2175.949951171875,2177.5,407409,0.0,0.0
2025-02-28 15:15:00+05:30,2177.300048828125,2183.800048828125,2176.550048828125,2179.75,330543,0.0,0.0
2025-03-03 09:15:00+05:30,2179.75,2193.25,2173.050048828125,2180.25,18583,0.0,0.0
2025-03-03 09:30:00+05:30,2180.39990234375,2187.5,2176.300048828125,2179.949951171875,27520,0.0,0.0
2025-03-03 09:45:00+05:30,2179.60009765625,2180.0,2165.949951171875,2167.35009765625,27443,0.0,0.0
2025-03-03 10:00:00+05:30,2167.699951171875,2167.699951171875,2154.199951171875,2154.800048828125,33422,0.0,0.0
2025-03-03 10:15:00+05:30,2154.0,2157.10009765625,2147.949951171875,2155.0,41151,0.0,0.0
2025-03-03 10:30:00+05:30,2154.89990234375,2155.0,2136.5,2139.14990234375,28413,0.0,0.0
2025-03-03 10:45:00+05:30,2137.75,2141.449951171875,2134.25,2138.0,26273,0.0,0.0
2025-03-03 11:00:00+05:30,2138.0,2138.0,2129.300048828125,2135.050048828125,26704,0.0,0.0
2025-03-03 11:15:00+05:30,2135.85009765625,2142.800048828125,2133.0,2139.550048828125,35046,0.0,0.0
2025-03-03 11:30:00+05:30,2140.949951171875,2142.0,2137.89990234375,2139.0,29072,0.0,0.0
2025-03-03 11:45:00+05:30,2139.85009765625,2141.85009765625,2137.949951171875,2141.0,14341,0.0,0.0
2025-03-03 12:00:00+05:30,2141.0,2145.0,2140.0,2140.75,14501,0.0,0.0
2025-03-03 12:15:00+05:30,2141.5,2146.5,2140.10009765625,2141.949951171875,72337,0.0,0.0
2025-03-03 12:30:00+05:30,2142.5,2149.85009765625,2140.60009765625,2147.39990234375,39141,0.0,0.0
2025-03-03 12:45:00+05:30,2147.39990234375,2156.300048828125,2145.949951171875,2150.0,51426,0.0,0.0
2025-03-03 13:00:00+05:30,2149.449951171875,2155.550048828125,2145.39990234375,2155.25,18437,0.0,0.0
2025-03-03 13:15:00+05:30,2155.949951171875,2157.800048828125,2149.89990234375,2150.5,25941,0.0,0.0
2025-03-03 13:30:00+05:30,2150.800048828125,2151.449951171875,2146.10009765625,2148.85009765625,32162,0.0,0.0
2025-03-03 13:45:00+05:30,2150.0,2153.550048828125,2146.449951171875,2147.300048828125,26095,0.0,0.0
2025-03-03 14:00:00+05:30,2147.0,2154.89990234375,2146.0,2153.39990234375,20784,0.0,0.0
2025-03-03 14:15:00+05:30,2153.949951171875,2157.14990234375,2151.35009765625,2156.050048828125,24959,0.0,0.0
2025-03-03 14:30:00+05:30,2156.85009765625,2159.0,2155.5,2158.10009765625,27218,0.0,0.0
2025-03-03 14:45:00+05:30,2158.199951171875,2159.0,2154.050048828125,2156.89990234375,26314,0.0,0.0
2025-03-03 15:00:00+05:30,2156.5,2163.199951171875,2155.0,2161.35009765625,60668,0.0,0.0
2025-03-03 15:15:00+05:30,2161.39990234375,2186.5,2160.5,2180.35009765625,176701,0.0,0.0
2025-03-04 09:15:00+05:30,2155.39990234375,2159.0,2145.35009765625,2148.75,42492,0.0,0.0
2025-03-04 09:30:00+05:30,2149.14990234375,2154.10009765625,2146.14990234375,2147.699951171875,50899,0.0,0.0
2025-03-04 09:45:00+05:30,2146.5,2147.0,2141.85009765625,2145.699951171875,52825,0.0,0.0
2025-03-04 10:00:00+05:30,2146.050048828125,2149.949951171875,2139.0,2139.14990234375,122497,0.0,0.0
2025-03-04 10:15:00+05:30,2139.300048828125,2144.75,2139.199951171875,2140.050048828125,32211,0.0,0.0
2025-03-04 10:30:00+05:30,2140.550048828125,2150.0,2138.699951171875,2139.949951171875,61831,0.0,0.0
2025-03-04 10:45:00+05:30,2139.949951171875,2147.800048828125,2139.89990234375,2147.0,27988,0.0,0.0
2025-03-04 11:00:00+05:30,2147.0,2152.0,2145.0,2150.300048828125,107227,0.0,0.0
2025-03-04 11:15:00+05:30,2150.300048828125,2151.800048828125,2146.300048828125,2149.89990234375,102444,0.0,0.0
2025-03-04 11:30:00+05:30,2149.5,2155.85009765625,2145.550048828125,2145.550048828125,161296,0.0,0.0
2025-03-04 11:45:00+05:30,2145.0,2149.14990234375,2143.449951171875,2149.050048828125,38244,0.0,0.0
2025-03-04 12:00:00+05:30,2149.050048828125,2149.14990234375,2144.10009765625,2145.800048828125,44956,0.0,0.0
2025-03-04 12:15:00+05:30,2146.75,2146.75,2140.10009765625,2140.10009765625,101115,0.0,0.0
2025-03-04 12:30:00+05:30,2140.199951171875,2144.10009765625,2133.14990234375,2135.199951171875,122028,0.0,0.0
2025-03-04 12:45:00+05:30,2135.300048828125,2140.5,2134.800048828125,2136.0,54493,0.0,0.0
2025-03-04 13:00:00+05:30,2135.89990234375,2137.550048828125,2132.10009765625,2134.14990234375,79211,0.0,0.0
2025-03-04 13:15:00+05:30,2134.0,2135.14990234375,2130.300048828125,2132.550048828125,36686,0.0,0.0
2025-03-04 13:30:00+05:30,2132.60009765625,2133.0,2129.300048828125,2131.75,55945,0.0,0.0
2025-03-04 13:45:00+05:30,2131.199951171875,2134.0,2130.35009765625,2130.699951171875,79054,0.0,0.0
2025-03-04 14:00:00+05:30,2131.449951171875,2141.85009765625,2130.25,2141.5,93772,0.0,0.0
2025-03-04 14:15:00+05:30,2141.0,2141.949951171875,2137.050048828125,2140.75,78528,0.0,0.0
2025-03-04 14:30:00+05:30,2140.449951171875,2146.550048828125,2138.949951171875,2142.39990234375,161263,0.0,0.0
2025-03-04 14:45:00+05:30,2142.0,2144.35009765625,2139.14990234375,2142.0,65677,0.0,0.0
2025-03-04 15:00:00+05:30,2141.89990234375,2142.10009765625,2129.300048828125,2129.300048828125,179253,0.0,0.0
2025-03-04 15:15:00+05:30,2129.199951171875,2133.199951171875,2124.800048828125,2128.0,195316,0.0,0.0
2025-03-05 09:15:00+05:30,2130.199951171875,2146.64990234375,2125.0,2143.60009765625,49064,0.0,0.0
2025-03-05 09:30:00+05:30,2144.300048828125,2146.050048828125,2136.14990234375,2140.449951171875,98125,0.0,0.0
2025-03-05 09:45:00+05:30,2140.050048828125,2144.75,2137.0,2139.5,49551,0.0,0.0
2025-03-05 10:00:00+05:30,2139.800048828125,2141.10009765625,2134.949951171875,2139.85009765625,50470,0.0,0.0
2025-03-05 10:15:00+05:30,2139.89990234375,2140.800048828125,2135.199951171875,2138.699951171875,31070,0.0,0.0
2025-03-05 10:30:00+05:30,2138.300048828125,2145.0,2137.35009765625,2142.0,111368,0.0,0.0
2025-03-05 10:45:00+05:30,2142.0,2147.699951171875,2141.39990234375,2144.89990234375,102886,0.0,0.0
2025-03-05 11:00:00+05:30,2144.89990234375,2167.449951171875,2144.60009765625,2167.25,104800,0.0,0.0
2025-03-05 11:15:00+05:30,2167.0,2173.550048828125,2163.449951171875,2163.5,53298,0.0,0.0
2025-03-05 11:30:00+05:30,2163.550048828125,2169.14990234375,2163.5,2167.60009765625,30091,0.0,0.0
2025-03-05 11:45:00+05:30,2167.39990234375,2171.0,2165.949951171875,2170.800048828125,31983,0.0,0.0
2025-03-05 12:00:00+05:30,2170.800048828125,2179.0,2170.5,2175.949951171875,45193,0.0,0.0
2025-03-05 12:15:00+05:30,2175.949951171875,2181.60009765625,2175.39990234375,2180.949951171875,30029,0.0,0.0
2025-03-05 12:30:00+05:30,2180.5,2182.60009765625,2179.050048828125,2179.050048828125,28647,0.0,0.0
2025-03-05 12:45:00+05:30,2179.800048828125,2182.0,2176.60009765625,2177.300048828125,41651,0.0,0.0
2025-03-05 13:00:00+05:30,2177.25,2178.35009765625,2174.35009765625,2174.35009765625,33450,0.0,0.0
2025-03-05 13:15:00+05:30,2174.800048828125,2178.0,2174.10009765625,2177.39990234375,31598,0.0,0.0
2025-03-05 13:30:00+05:30,2177.85009765625,2178.699951171875,2169.5,2169.800048828125,44526,0.0,0.0
2025-03-05 13:45:00+05:30,2170.550048828125,2171.39990234375,2168.449951171875,2169.10009765625,34510,0.0,0.0
2025-03-05 14:00:00+05:30,2169.800048828125,2170.0,2165.949951171875,2167.550048828125,36649,0.0,0.0
2025-03-05 14:15:00+05:30,2167.89990234375,2168.85009765625,2164.60009765625,2165.64990234375,43757,0.0,0.0
2025-03-05 14:30:00+05:30,2166.199951171875,2166.199951171875,2160.25,2165.25,100250,0.0,0.0
2025-03-05 14:45:00+05:30,2164.449951171875,2167.89990234375,2164.199951171875,2166.64990234375,53804,0.0,0.0
2025-03-05 15:00:00+05:30,2166.699951171875,2166.699951171875,2160.050048828125,2164.0,127662,0.0,0.0
2025-03-05 15:15:00+05:30,2164.300048828125,2172.300048828125,2164.14990234375,2164.14990234375,130890,0.0,0.0
2025-03-06 09:15:00+05:30,2188.0,2215.0,2184.550048828125,2196.75,90765,0.0,0.0
2025-03-06 09:30:00+05:30,2196.10009765625,2215.0,2188.89990234375,2210.89990234375,87493,0.0,0.0
2025-03-06 09:45:00+05:30,2211.39990234375,2216.75,2207.050048828125,2213.89990234375,61768,0.0,0.0
2025-03-06 10:00:00+05:30,2212.10009765625,2222.0,2210.050048828125,2217.300048828125,65593,0.0,0.0
2025-03-06 10:15:00+05:30,2217.300048828125,2230.949951171875,2217.0,2229.0,67102,0.0,0.0
2025-03-06 10:30:00+05:30,2229.0,2231.550048828125,2222.0,2230.0,42894,0.0,0.0
2025-03-06 10:45:00+05:30,2230.89990234375,2237.89990234375,2225.0,2236.5,50438,0.0,0.0
2025-03-06 11:00:00+05:30,2236.449951171875,2247.550048828125,2235.0,2243.35009765625,100596,0.0,0.0
2025-03-06 11:15:00+05:30,2244.5,2247.0,2232.85009765625,2235.800048828125,77081,0.0,0.0
2025-03-06 11:30:00+05:30,2235.699951171875,2242.300048828125,2234.0,2239.0,41139,0.0,0.0
2025-03-06 11:45:00+05:30,2239.5,2244.800048828125,2237.10009765625,2239.0,44235,0.0,0.0
2025-03-06 12:00:00+05:30,2238.75,2242.64990234375,2236.800048828125,2238.35009765625,29485,0.0,0.0
2025-03-06 12:15:00+05:30,2237.75,2248.0,2237.75,2244.75,60349,0.0,0.0
2025-03-06 12:30:00+05:30,2244.5,2246.949951171875,2240.300048828125,2243.199951171875,34329,0.0,0.0
2025-03-06 12:45:00+05:30,2242.64990234375,2246.75,2240.10009765625,2244.64990234375,25838,0.0,0.0
2025-03-06 13:00:00+05:30,2244.5,2248.0,2244.25,2247.10009765625,23492,0.0,0.0
2025-03-06 13:15:00+05:30,2247.5,2255.89990234375,2244.050048828125,2252.449951171875,157303,0.0,0.0
2025-03-06 13:30:00+05:30,2252.64990234375,2261.5,2251.5,2261.5,65447,0.0,0.0
2025-03-06 13:45:00+05:30,2261.449951171875,2264.949951171875,2259.64990234375,2262.050048828125,78778,0.0,0.0
2025-03-06 14:00:00+05:30,2262.050048828125,2267.14990234375,2261.449951171875,2263.0,72397,0.0,0.0
2025-03-06 14:15:00+05:30,2264.14990234375,2264.949951171875,2261.0,2262.25,54333,0.0,0.0
2025-03-06 14:30:00+05:30,2262.25,2269.0,2261.75,2268.199951171875,62789,0.0,0.0
2025-03-06 14:45:00+05:30,2267.60009765625,2274.949951171875,2265.85009765625,2271.35009765625,142400,0.0,0.0
2025-03-06 15:00:00+05:30,2271.89990234375,2273.0,2264.0,2267.550048828125,176776,0.0,0.0
2025-03-06 15:15:00+05:30,2267.550048828125,2269.5,2264.0,2266.60009765625,188226,0.0,0.0
2025-03-07 09:15:00+05:30,2273.0,2274.89990234375,2254.64990234375,2257.35009765625,42590,0.0,0.0
2025-03-07 09:30:00+05:30,2255.85009765625,2260.949951171875,2248.10009765625,2255.0,52698,0.0,0.0
2025-03-07 09:45:00+05:30,2255.0,2261.75,2250.85009765625,2261.0,37607,0.0,0.0
2025-03-07 10:00:00+05:30,2261.0,2269.449951171875,2259.449951171875,2269.449951171875,32250,0.0,0.0
2025-03-07 10:15:00+05:30,2269.050048828125,2269.050048828125,2260.0,2262.89990234375,17560,0.0,0.0
2025-03-07 10:30:00+05:30,2262.89990234375,2263.75,2259.0,2259.64990234375,17154,0.0,0.0
2025-03-07 10:45:00+05:30,2259.10009765625,2263.64990234375,2258.14990234375,2262.35009765625,17035,0.0,0.0
2025-03-07 11:00:00+05:30,2262.35009765625,2265.0,2261.35009765625,2263.39990234375,11740,0.0,0.0
2025-03-07 11:15:00+05:30,2263.5,2266.449951171875,2262.85009765625,2263.550048828125,8290,0.0,0.0
2025-03-07 11:30:00+05:30,2263.550048828125,2264.699951171875,2262.449951171875,2263.39990234375,8690,0.0,0.0
2025-03-07 11:45:00+05:30,2263.0,2264.949951171875,2257.0,2263.0,33337,0.0,0.0
2025-03-07 12:00:00+05:30,2262.60009765625,2264.0,2258.75,2259.0,26667,0.0,0.0
2025-03-07 12:15:00+05:30,2259.5,2262.14990234375,2257.64990234375,2260.25,17834,0.0,0.0
2025-03-07 12:30:00+05:30,2260.89990234375,2262.0,2256.949951171875,2260.0,54055,0.0,0.0
2025-03-07 12:45:00+05:30,2260.0,2260.0,2253.949951171875,2255.300048828125,14792,0.0,0.0
2025-03-07 13:00:00+05:30,2255.050048828125,2257.10009765625,2254.0,2254.64990234375,11087,0.0,0.0
2025-03-07 13:15:00+05:30,2254.64990234375,2257.0,2254.0,2255.800048828125,9210,0.0,0.0
2025-03-07 13:30:00+05:30,2254.800048828125,2268.0,2254.25,2266.300048828125,52348,0.0,0.0
2025-03-07 13:45:00+05:30,2266.300048828125,2267.89990234375,2265.0,2265.550048828125,17821,0.0,0.0
2025-03-07 14:00:00+05:30,2265.89990234375,2268.0,2265.10009765625,2265.199951171875,16817,0.0,0.0
2025-03-07 14:15:00+05:30,2265.60009765625,2271.949951171875,2265.050048828125,2269.10009765625,19927,0.0,0.0
2025-03-07 14:30:00+05:30,2269.75,2269.75,2265.64990234375,2269.699951171875,16544,0.0,0.0
2025-03-07 14:45:00+05:30,2269.60009765625,2277.949951171875,2269.60009765625,2275.10009765625,80885,0.0,0.0
2025-03-07 15:00:00+05:30,2275.10009765625,2275.39990234375,2270.050048828125,2270.75,150248,0.0,0.0
2025-03-07 15:15:00+05:30,2271.300048828125,2271.35009765625,2261.449951171875,2264.5,97056,0.0,0.0
2025-03-10 09:15:00+05:30,2270.0,2281.14990234375,2261.89990234375,2271.449951171875,43683,0.0,0.0
2025-03-10 09:30:00+05:30,2271.949951171875,2287.64990234375,2271.699951171875,2283.14990234375,54032,0.0,0.0
2025-03-10 09:45:00+05:30,2283.0,2283.0,2275.699951171875,2276.699951171875,21070,0.0,0.0
2025-03-10 10:00:00+05:30,2276.85009765625,2285.64990234375,2276.550048828125,2278.10009765625,29911,0.0,0.0
2025-03-10 10:15:00+05:30,2278.85009765625,2281.550048828125,2275.050048828125,2276.35009765625,25628,0.0,0.0
2025-03-10 10:30:00+05:30,2276.5,2282.5,2275.5,2281.5,23689,0.0,0.0
2025-03-10 10:45:00+05:30,2282.14990234375,2285.0,2280.050048828125,2282.85009765625,24376,0.0,0.0
2025-03-10 11:00:00+05:30,2282.85009765625,2289.949951171875,2280.5,2287.199951171875,43590,0.0,0.0
2025-03-10 11:15:00+05:30,2287.300048828125,2292.0,2283.0,2285.199951171875,56293,0.0,0.0
2025-03-10 11:30:00+05:30,2285.39990234375,2291.35009765625,2284.800048828125,2287.5,21960,0.0,0.0
2025-03-10 11:45:00+05:30,2287.5,2288.949951171875,2280.050048828125,2280.89990234375,31994,0.0,0.0
2025-03-10 12:00:00+05:30,2280.949951171875,2287.0,2280.800048828125,2285.800048828125,24854,0.0,0.0
2025-03-10 12:15:00+05:30,2285.050048828125,2287.0,2281.89990234375,2281.89990234375,11186,0.0,0.0
2025-03-10 12:30:00+05:30,2281.89990234375,2289.5,2281.10009765625,2285.10009765625,29502,0.0,0.0
2025-03-10 12:45:00+05:30,2285.10009765625,2288.800048828125,2285.0,2286.300048828125,28453,0.0,0.0
2025-03-10 13:00:00+05:30,2285.949951171875,2289.75,2285.0,2288.89990234375,32271,0.0,0.0
2025-03-10 13:15:00+05:30,2288.39990234375,2290.949951171875,2287.39990234375,2289.35009765625,63999,0.0,0.0
2025-03-10 13:30:00+05:30,2289.10009765625,2290.14990234375,2285.0,2285.5,22410,0.0,0.0
2025-03-10 13:45:00+05:30,2285.5,2286.35009765625,2281.0,2283.449951171875,13118,0.0,0.0
2025-03-10 14:00:00+05:30,2284.25,2286.5,2283.0,2283.75,12549,0.0,0.0
2025-03-10 14:15:00+05:30,2283.5,2283.85009765625,2279.89990234375,2280.050048828125,43065,0.0,0.0
2025-03-10 14:30:00+05:30,2280.050048828125,2281.0,2270.85009765625,2271.64990234375,77096,0.0,0.0
2025-03-10 14:45:00+05:30,2272.449951171875,2278.14990234375,2270.800048828125,2271.5,65842,0.0,0.0
2025-03-10 15:00:00+05:30,2273.10009765625,2284.35009765625,2272.199951171875,2282.0,141915,0.0,0.0
2025-03-10 15:15:00+05:30,2282.0,2282.050048828125,2270.35009765625,2278.60009765625,89617,0.0,0.0
2025-03-11 09:15:00+05:30,2270.60009765625,2273.14990234375,2257.89990234375,2271.550048828125,28542,0.0,0.0
2025-03-11 09:30:00+05:30,2269.449951171875,2282.0,2268.949951171875,2279.550048828125,39340,0.0,0.0
2025-03-11 09:45:00+05:30,2279.89990234375,2285.85009765625,2278.050048828125,2282.39990234375,24083,0.0,0.0
2025-03-11 10:00:00+05:30,2285.199951171875,2286.5,2276.0,2282.60009765625,24143,0.0,0.0
2025-03-11 10:15:00+05:30,2282.60009765625,2283.800048828125,2278.35009765625,2281.0,16517,0.0,0.0
2025-03-11 10:30:00+05:30,2281.449951171875,2288.5,2280.5,2287.550048828125,28508,0.0,0.0
2025-03-11 10:45:00+05:30,2288.14990234375,2290.0,2283.5,2288.39990234375,14381,0.0,0.0
2025-03-11 11:00:00+05:30,2288.60009765625,2290.89990234375,2286.0,2286.199951171875,15327,0.0,0.0
2025-03-11 11:15:00+05:30,2286.35009765625,2288.0,2283.0,2283.800048828125,24649,0.0,0.0
2025-03-11 11:30:00+05:30,2284.64990234375,2285.449951171875,2281.25,2284.199951171875,14713,0.0,0.0
2025-03-11 11:45:00+05:30,2282.89990234375,2284.25,2281.449951171875,2283.699951171875,10745,0.0,0.0
2025-03-11 12:00:00+05:30,2282.64990234375,2284.5,2281.0,2281.35009765625,16033,0.0,0.0
2025-03-11 12:15:00+05:30,2281.64990234375,2282.050048828125,2280.550048828125,2281.0,10402,0.0,0.0
2025-03-11 12:30:00+05:30,2281.449951171875,2284.949951171875,2281.0,2284.10009765625,13702,0.0,0.0
2025-03-11 12:45:00+05:30,2284.14990234375,2284.550048828125,2281.699951171875,2281.85009765625,13978,0.0,0.0
2025-03-11 13:00:00+05:30,2281.85009765625,2284.050048828125,2281.0,2283.39990234375,15927,0.0,0.0
2025-03-11 13:15:00+05:30,2283.0,2284.60009765625,2282.949951171875,2283.699951171875,12322,0.0,0.0
2025-03-11 13:30:00+05:30,2283.89990234375,2284.0,2281.0,2283.050048828125,23015,0.0,0.0
2025-03-11 13:45:00+05:30,2283.050048828125,2287.0,2283.050048828125,2286.75,9923,0.0,0.0
2025-03-11 14:00:00+05:30,2286.85009765625,2287.60009765625,2284.25,2287.0,12109,0.0,0.0
2025-03-11 14:15:00+05:30,2286.949951171875,2288.0,2285.75,2287.0,10248,0.0,0.0
2025-03-11 14:30:00+05:30,2287.25,2289.35009765625,2285.35009765625,2288.949951171875,35194,0.0,0.0
2025-03-11 14:45:00+05:30,2289.0,2289.89990234375,2285.199951171875,2286.75,19747,0.0,0.0
2025-03-11 15:00:00+05:30,2286.800048828125,2289.949951171875,2285.050048828125,2288.800048828125,62275,0.0,0.0
2025-03-11 15:15:00+05:30,2288.75,2288.949951171875,2282.699951171875,2282.699951171875,53655,0.0,0.0
2025-03-12 09:15:00+05:30,2289.25,2294.10009765625,2277.550048828125,2277.550048828125,23383,0.0,0.0
2025-03-12 09:30:00+05:30,2278.449951171875,2282.35009765625,2275.0,2275.0,17359,0.0,0.0
2025-03-12 09:45:00+05:30,2275.0,2277.64990234375,2267.0,2267.0,43660,0.0,0.0
2025-03-12 10:00:00+05:30,2266.699951171875,2270.35009765625,2263.800048828125,2266.699951171875,17595,0.0,0.0
2025-03-12 10:15:00+05:30,2267.14990234375,2268.300048828125,2262.0,2262.0,10053,0.0,0.0
2025-03-12 10:30:00+05:30,2262.0,2263.89990234375,2259.050048828125,2263.75,13229,0.0,0.0
2025-03-12 10:45:00+05:30,2263.699951171875,2267.60009765625,2261.0,2261.14990234375,8945,0.0,0.0
2025-03-12 11:00:00+05:30,2262.5,2267.699951171875,2259.0,2267.39990234375,16023,0.0,0.0
2025-03-12 11:15:00+05:30,2267.0,2272.39990234375,2265.949951171875,2271.0,24448,0.0,0.0
2025-03-12 11:30:00+05:30,2271.89990234375,2272.89990234375,2261.800048828125,2262.5,20248,0.0,0.0
2025-03-12 11:45:00+05:30,2262.449951171875,2264.35009765625,2260.050048828125,2260.60009765625,46031,0.0,0.0
2025-03-12 12:00:00+05:30,2261.35009765625,2262.800048828125,2254.35009765625,2260.0,23975,0.0,0.0
2025-03-12 12:15:00+05:30,2260.5,2263.14990234375,2256.10009765625,2262.800048828125,48789,0.0,0.0
2025-03-12 12:30:00+05:30,2262.25,2265.0,2256.89990234375,2260.0,45110,0.0,0.0
2025-03-12 12:45:00+05:30,2260.35009765625,2262.14990234375,2256.10009765625,2257.0,28089,0.0,0.0
2025-03-12 13:00:00+05:30,2256.89990234375,2260.550048828125,2250.10009765625,2256.199951171875,46320,0.0,0.0
2025-03-12 13:15:00+05:30,2256.199951171875,2267.10009765625,2256.199951171875,2266.60009765625,23008,0.0,0.0
2025-03-12 13:30:00+05:30,2266.60009765625,2269.0,2260.5,2262.449951171875,30201,0.0,0.0
2025-03-12 13:45:00+05:30,2262.449951171875,2262.449951171875,2256.39990234375,2259.35009765625,10023,0.0,0.0
2025-03-12 14:00:00+05:30,2259.0,2261.39990234375,2253.550048828125,2254.699951171875,27199,0.0,0.0
2025-03-12 14:15:00+05:30,2254.35009765625,2258.800048828125,2252.35009765625,2254.85009765625,29028,0.0,0.0
2025-03-12 14:30:00+05:30,2255.0,2256.10009765625,2252.10009765625,2254.0,23943,0.0,0.0
2025-03-12 14:45:00+05:30,2253.60009765625,2256.64990234375,2252.10009765625,2254.449951171875,28464,0.0,0.0
2025-03-12 15:00:00+05:30,2255.949951171875,2255.949951171875,2251.300048828125,2252.550048828125,56726,0.0,0.0
2025-03-12 15:15:00+05:30,2252.449951171875,2252.449951171875,2247.0,2251.300048828125,69689,0.0,0.0
